version,spacecraft,method,deadline_hours,first_pass_unix_s,deadline_unix_s,prefix_pass_count,checkpoint_unix_s,issue_elapsed_hours,product_age_hours,holdout_id,success,quality_accepted,coverage,samples,rmse_km,unavailable_reason,run_path,states_path,states_sha256,run_sha256,window_stop_unix_s,first_scored_unix_s,last_scored_unix_s
6,FOREST-16,cartesian_no_drag,24,1777805395.0,1777891795.0,8,1777863223.0,16.063333333333333,7.9366666666666665,1c36ca34-a985-4809-9ca7-65e422e6c47d,True,not applied,complete,60,3.8826226137712423,,../raw_results/forest-experiment-v6/runs/FOREST-16/pre-launch/cartesian_no_drag/1c36ca34-a985-4809-9ca7-65e422e6c47d/run.json,../raw_results/forest-experiment-v6/runs/FOREST-16/pre-launch/cartesian_no_drag/1c36ca34-a985-4809-9ca7-65e422e6c47d/states.csv,380b8053112c63b4763cafb580079fe4e42b94765e0017516de94265a7d4ce5a,026e2a58c6eccef2134cbf7e97480a83b0d7c8a65ff519cdad4f46c56422647b,1777895395.0,1777891800.0,1777895340.0
6,FOREST-16,cartesian_no_drag,24,1777805395.0,1777891795.0,8,1777863223.0,16.063333333333333,7.9366666666666665,2a45c0d3-c3e9-45e8-a11f-5dbf6bda0693,True,not applied,complete,60,3.6754092387835504,,../raw_results/forest-experiment-v6/runs/FOREST-16/pre-launch/cartesian_no_drag/2a45c0d3-c3e9-45e8-a11f-5dbf6bda0693/run.json,../raw_results/forest-experiment-v6/runs/FOREST-16/pre-launch/cartesian_no_drag/2a45c0d3-c3e9-45e8-a11f-5dbf6bda0693/states.csv,28e98fc03371a51a99daa3f978c47f7bd7c1db53fa34667ad78f25a352124e9d,2eca87ad61a596527bb463026b46c8413402b044c5369d9e7e6ca7e2f6a0132b,1777895395.0,1777891800.0,1777895340.0
6,FOREST-16,cartesian_no_drag,24,1777805395.0,1777891795.0,8,1777863223.0,16.063333333333333,7.9366666666666665,33061519-fa11-49e4-becd-6c770efd6e11,True,not applied,complete,60,4.064713805162296,,../raw_results/forest-experiment-v6/runs/FOREST-16/pre-launch/cartesian_no_drag/33061519-fa11-49e4-becd-6c770efd6e11/run.json,../raw_results/forest-experiment-v6/runs/FOREST-16/pre-launch/cartesian_no_drag/33061519-fa11-49e4-becd-6c770efd6e11/states.csv,25c00b58b60c92a6da1a143ba050aee63166e586170af272589bbe18da19d7a1,8d415d550c586da68fe80ef2b16d1f0bbcd3027791077254946f53e914dd366b,1777895395.0,1777891800.0,1777895340.0
6,FOREST-16,cartesian_no_drag,24,1777805395.0,1777891795.0,8,1777863223.0,16.063333333333333,7.9366666666666665,556b1cfa-0a8e-4d19-8f95-b123fd47cd60,True,not applied,complete,60,13.564890950296594,,../raw_results/forest-experiment-v6/runs/FOREST-16/pre-launch/cartesian_no_drag/556b1cfa-0a8e-4d19-8f95-b123fd47cd60/run.json,../raw_results/forest-experiment-v6/runs/FOREST-16/pre-launch/cartesian_no_drag/556b1cfa-0a8e-4d19-8f95-b123fd47cd60/states.csv,45fb589bcab16e4e6f311c1303c52a2ff73135db9659641cf060074e64273fdb,679f730eb573beb5b40f8edf30d916e5a78570798f72a70f6c479819d27a5639,1777895395.0,1777891800.0,1777895340.0
6,FOREST-16,cartesian_no_drag,24,1777805395.0,1777891795.0,8,1777863223.0,16.063333333333333,7.9366666666666665,7cb89272-0ba6-4eaf-8445-917ec34e727e,True,not applied,complete,60,3.146690984970156,,../raw_results/forest-experiment-v6/runs/FOREST-16/pre-launch/cartesian_no_drag/7cb89272-0ba6-4eaf-8445-917ec34e727e/run.json,../raw_results/forest-experiment-v6/runs/FOREST-16/pre-launch/cartesian_no_drag/7cb89272-0ba6-4eaf-8445-917ec34e727e/states.csv,8b30d1a061f747093b15fddfe7b8ff37645baa61454f9a3e2779b6b45668f30a,ae227f57aafa43147856e3094d4606d223729c60bd53ae324cc6b5ca4cbc7d88,1777895395.0,1777891800.0,1777895340.0
6,FOREST-16,cartesian_no_drag,24,1777805395.0,1777891795.0,8,1777863223.0,16.063333333333333,7.9366666666666665,82723fb0-59f4-4de8-ac05-f9f3d9a7dcc7,True,not applied,complete,60,1.9032137818985995,,../raw_results/forest-experiment-v6/runs/FOREST-16/pre-launch/cartesian_no_drag/82723fb0-59f4-4de8-ac05-f9f3d9a7dcc7/run.json,../raw_results/forest-experiment-v6/runs/FOREST-16/pre-launch/cartesian_no_drag/82723fb0-59f4-4de8-ac05-f9f3d9a7dcc7/states.csv,4f6ee3a651c54c663a751f079cd40d1a1cb6946baf9c3670f001145fe5b481ef,122d847504b95cef799a1b767520502cd445a34aab8ca3fba7ed05c08209de18,1777895395.0,1777891800.0,1777895340.0
6,FOREST-16,cartesian_no_drag,24,1777805395.0,1777891795.0,8,1777863223.0,16.063333333333333,7.9366666666666665,,True,not applied,complete,60,3.319193164006663,,../raw_results/forest-experiment-v6/runs/FOREST-16/pre-launch/cartesian_no_drag/all/run.json,../raw_results/forest-experiment-v6/runs/FOREST-16/pre-launch/cartesian_no_drag/all/states.csv,9f11bff5a3ce97cfb62b488c254235cf93548ff4806fe8cead65ff0fada7a753,647ba7478bae0f50b4b8d92225214d94beac8371a5fc7af9ad368cc9652e1a58,1777895395.0,1777891800.0,1777895340.0
6,FOREST-16,cartesian_no_drag,24,1777805395.0,1777891795.0,8,1777863223.0,16.063333333333333,7.9366666666666665,b2bd28a8-6704-4a67-bd8b-2c84fb0473bc,True,not applied,complete,60,5.264783558167032,,../raw_results/forest-experiment-v6/runs/FOREST-16/pre-launch/cartesian_no_drag/b2bd28a8-6704-4a67-bd8b-2c84fb0473bc/run.json,../raw_results/forest-experiment-v6/runs/FOREST-16/pre-launch/cartesian_no_drag/b2bd28a8-6704-4a67-bd8b-2c84fb0473bc/states.csv,bab36c455a0804e503973b8d0ec657f9c03c9bfd638d7a1873435ec93d8d15af,0e2fb9f42a358f0ffdfbc59f19700df3bfbd74b73d3a57e1f93ff3f7bcdf8b15,1777895395.0,1777891800.0,1777895340.0
6,FOREST-16,cartesian_no_drag,24,1777805395.0,1777891795.0,8,1777863223.0,16.063333333333333,7.9366666666666665,e5d79f0b-730b-4832-becf-f716d7322784,True,not applied,complete,60,3.1442254604383146,,../raw_results/forest-experiment-v6/runs/FOREST-16/pre-launch/cartesian_no_drag/e5d79f0b-730b-4832-becf-f716d7322784/run.json,../raw_results/forest-experiment-v6/runs/FOREST-16/pre-launch/cartesian_no_drag/e5d79f0b-730b-4832-becf-f716d7322784/states.csv,5a197333b7ec2342ed4689890e5eaa482a6168bdd41e7ebd61916038a41ea98e,374a9cb4972f3e6b6c7ee15cfacdfcd9b11e67b92cd6d9ac596538bc010c0f84,1777895395.0,1777891800.0,1777895340.0
6,FOREST-17,cartesian_no_drag,24,1777808324.0,1777894724.0,9,1777866765.0,16.23361111111111,7.766388888888889,01448cbd-3659-4184-89c2-7883e4a3c6c7,True,not applied,complete,60,13.209824476921906,,../raw_results/forest-experiment-v6/runs/FOREST-17/pre-launch/cartesian_no_drag/01448cbd-3659-4184-89c2-7883e4a3c6c7/run.json,../raw_results/forest-experiment-v6/runs/FOREST-17/pre-launch/cartesian_no_drag/01448cbd-3659-4184-89c2-7883e4a3c6c7/states.csv,58a98918cf51ddebf97db9095f0c532dbb648555c581610963003c5ac8e3b55f,0456a2c9d3b7f6dd8187a3886e22ffcb8fdd85fb9ccc938eb75718c2915adbe1,1777898324.0,1777894740.0,1777898280.0
6,FOREST-17,cartesian_no_drag,24,1777808324.0,1777894724.0,9,1777866765.0,16.23361111111111,7.766388888888889,2610bd5f-3a3f-4756-be38-d31392d4324c,True,not applied,complete,60,16.053638303238426,,../raw_results/forest-experiment-v6/runs/FOREST-17/pre-launch/cartesian_no_drag/2610bd5f-3a3f-4756-be38-d31392d4324c/run.json,../raw_results/forest-experiment-v6/runs/FOREST-17/pre-launch/cartesian_no_drag/2610bd5f-3a3f-4756-be38-d31392d4324c/states.csv,52e2d563f6b1c1bf55fb7132e9ed16d6e66d6fd15f265bc69fe587c65474e851,c4965fbb800ffd9d8c3f01b4a825a05de3039876e725422afa70a4b253566016,1777898324.0,1777894740.0,1777898280.0
6,FOREST-17,cartesian_no_drag,24,1777808324.0,1777894724.0,9,1777866765.0,16.23361111111111,7.766388888888889,36c92afa-8853-4630-a788-ad2e63912d51,True,not applied,complete,60,8.664379701164144,,../raw_results/forest-experiment-v6/runs/FOREST-17/pre-launch/cartesian_no_drag/36c92afa-8853-4630-a788-ad2e63912d51/run.json,../raw_results/forest-experiment-v6/runs/FOREST-17/pre-launch/cartesian_no_drag/36c92afa-8853-4630-a788-ad2e63912d51/states.csv,d31a38df329ad027a626a1709f5368cb94e77701e6447c8b9d7dfbeab32be692,3b0db0aa66d18def30794fa2f7648b0a31e02b1b0b3e48b0e3356805aba40306,1777898324.0,1777894740.0,1777898280.0
6,FOREST-17,cartesian_no_drag,24,1777808324.0,1777894724.0,9,1777866765.0,16.23361111111111,7.766388888888889,5233c319-41fd-4896-847f-112ddfe9c56d,True,not applied,complete,60,12.428514456021743,,../raw_results/forest-experiment-v6/runs/FOREST-17/pre-launch/cartesian_no_drag/5233c319-41fd-4896-847f-112ddfe9c56d/run.json,../raw_results/forest-experiment-v6/runs/FOREST-17/pre-launch/cartesian_no_drag/5233c319-41fd-4896-847f-112ddfe9c56d/states.csv,5382e01175ec460b1c175f372c8c0f5495700f60e8d215e80ab5c28c11e262d7,14d862528a71e4d8ce8fa0b9026d706fe7904dc1f7e55719269153e16a6bf0dc,1777898324.0,1777894740.0,1777898280.0
6,FOREST-17,cartesian_no_drag,24,1777808324.0,1777894724.0,9,1777866765.0,16.23361111111111,7.766388888888889,6569e3a1-7aa1-4ff3-a2c0-cd1cd88fd85a,True,not applied,complete,60,13.92945259885728,,../raw_results/forest-experiment-v6/runs/FOREST-17/pre-launch/cartesian_no_drag/6569e3a1-7aa1-4ff3-a2c0-cd1cd88fd85a/run.json,../raw_results/forest-experiment-v6/runs/FOREST-17/pre-launch/cartesian_no_drag/6569e3a1-7aa1-4ff3-a2c0-cd1cd88fd85a/states.csv,6c5d54b37444c45a377dadee5b3f8bb07b101a2652ca1ecf71b668403c626c86,1bc298b632be8509b7be760ece4e6d67fdffa1b45653b5e00e23666885350c98,1777898324.0,1777894740.0,1777898280.0
6,FOREST-17,cartesian_no_drag,24,1777808324.0,1777894724.0,9,1777866765.0,16.23361111111111,7.766388888888889,9303555b-beda-4b39-ac33-b6df9a7e9952,True,not applied,complete,60,24.38177495627006,,../raw_results/forest-experiment-v6/runs/FOREST-17/pre-launch/cartesian_no_drag/9303555b-beda-4b39-ac33-b6df9a7e9952/run.json,../raw_results/forest-experiment-v6/runs/FOREST-17/pre-launch/cartesian_no_drag/9303555b-beda-4b39-ac33-b6df9a7e9952/states.csv,eab24f959d032e14c92b5c6539ebc52aa10cf9e45209e47dd4635d413e445f21,cc1f73e6ce0334f53a7c1305f185dccdcd422e90dfb2ec6a3411c1784855d17b,1777898324.0,1777894740.0,1777898280.0
6,FOREST-17,cartesian_no_drag,24,1777808324.0,1777894724.0,9,1777866765.0,16.23361111111111,7.766388888888889,,True,not applied,complete,60,13.264383572548768,,../raw_results/forest-experiment-v6/runs/FOREST-17/pre-launch/cartesian_no_drag/all/run.json,../raw_results/forest-experiment-v6/runs/FOREST-17/pre-launch/cartesian_no_drag/all/states.csv,50355473c62d35c07270c78fb2c9ad0c065f6fb285cc4a6b3572f37663e2c72d,351fde8845c27e4dd55a2487383edc7499c36f92a5ea62b2cb8c089971ac9b53,1777898324.0,1777894740.0,1777898280.0
6,FOREST-17,cartesian_no_drag,24,1777808324.0,1777894724.0,9,1777866765.0,16.23361111111111,7.766388888888889,d61bfc77-1d1c-4e82-91fd-6e7489e73cb3,True,not applied,complete,60,13.054595052831406,,../raw_results/forest-experiment-v6/runs/FOREST-17/pre-launch/cartesian_no_drag/d61bfc77-1d1c-4e82-91fd-6e7489e73cb3/run.json,../raw_results/forest-experiment-v6/runs/FOREST-17/pre-launch/cartesian_no_drag/d61bfc77-1d1c-4e82-91fd-6e7489e73cb3/states.csv,8ab32b039c16bd440c3c965be969f4774dba64efb28eaaa3f703bb64d245b9ce,4de4974e79c5a65f5bbc7839a674038cf30d36681f7aa7fa7f5ed1c8b9e16b24,1777898324.0,1777894740.0,1777898280.0
6,FOREST-17,cartesian_no_drag,24,1777808324.0,1777894724.0,9,1777866765.0,16.23361111111111,7.766388888888889,d623db96-56fd-4783-9f1e-bf3933f4dbd8,True,not applied,complete,60,12.775267270788548,,../raw_results/forest-experiment-v6/runs/FOREST-17/pre-launch/cartesian_no_drag/d623db96-56fd-4783-9f1e-bf3933f4dbd8/run.json,../raw_results/forest-experiment-v6/runs/FOREST-17/pre-launch/cartesian_no_drag/d623db96-56fd-4783-9f1e-bf3933f4dbd8/states.csv,21d22611e3a89b09252aa625e7e238c541105ef0832569ce3ede0e4a119dd3fd,a6b8863c6a1e550835377dc08fd21ef68d453e745898a90bbfc0401b8510bb4f,1777898324.0,1777894740.0,1777898280.0
6,FOREST-17,cartesian_no_drag,24,1777808324.0,1777894724.0,9,1777866765.0,16.23361111111111,7.766388888888889,dc06b459-269d-446a-97ef-9b6febcd8679,True,not applied,complete,60,16.053999033933472,,../raw_results/forest-experiment-v6/runs/FOREST-17/pre-launch/cartesian_no_drag/dc06b459-269d-446a-97ef-9b6febcd8679/run.json,../raw_results/forest-experiment-v6/runs/FOREST-17/pre-launch/cartesian_no_drag/dc06b459-269d-446a-97ef-9b6febcd8679/states.csv,0f907e0976bca04b0b6321e1b866fd18d8b2380b5e83a8a8b952074a65d13527,f6bd4a69e3efbbf6529664271673e8cf4c47490089f7c49b0fdb63017e6e5545,1777898324.0,1777894740.0,1777898280.0
6,FOREST-18,cartesian_no_drag,24,1777829722.0,1777916122.0,8,1777868920.0,10.888333333333334,13.111666666666666,105f1f16-870e-4658-9a38-41c74ea5939c,True,not applied,complete,60,15.809887671832028,,../raw_results/forest-experiment-v6/runs/FOREST-18/pre-launch/cartesian_no_drag/105f1f16-870e-4658-9a38-41c74ea5939c/run.json,../raw_results/forest-experiment-v6/runs/FOREST-18/pre-launch/cartesian_no_drag/105f1f16-870e-4658-9a38-41c74ea5939c/states.csv,80c74435106ef8ded364ad7297e1f187db0c322c0a47e1ddcfac89691d2851fb,c3c577926c285ffb29b49e255d5c3078c65560dce8e9f39aa54ceeaf5bc9459b,1777919722.0,1777916160.0,1777919700.0
6,FOREST-18,cartesian_no_drag,24,1777829722.0,1777916122.0,8,1777868920.0,10.888333333333334,13.111666666666666,2735b79f-1ae2-4be6-9b13-774d026efd72,True,not applied,complete,60,5.9980235072860735,,../raw_results/forest-experiment-v6/runs/FOREST-18/pre-launch/cartesian_no_drag/2735b79f-1ae2-4be6-9b13-774d026efd72/run.json,../raw_results/forest-experiment-v6/runs/FOREST-18/pre-launch/cartesian_no_drag/2735b79f-1ae2-4be6-9b13-774d026efd72/states.csv,dd8ae1aed7209a2b54d70316147b30e1781917c68a9af751659ee58b7d530511,a1a1dace976f6ea79549d6089baf8b46c1e460444a2ad4a6dfca9ba69391d86b,1777919722.0,1777916160.0,1777919700.0
6,FOREST-18,cartesian_no_drag,24,1777829722.0,1777916122.0,8,1777868920.0,10.888333333333334,13.111666666666666,48de3125-1fd3-40df-be87-5fc55aa2485f,True,not applied,complete,60,6.643656659170417,,../raw_results/forest-experiment-v6/runs/FOREST-18/pre-launch/cartesian_no_drag/48de3125-1fd3-40df-be87-5fc55aa2485f/run.json,../raw_results/forest-experiment-v6/runs/FOREST-18/pre-launch/cartesian_no_drag/48de3125-1fd3-40df-be87-5fc55aa2485f/states.csv,ae5392090014f91a2d7e5aa215ecb2aebd27c55bc01056525ec287d5a1aa3e40,56a3baca3c3dec43f4cb62f629a4d934bc8815f1b6856e81e329ab0a219d870c,1777919722.0,1777916160.0,1777919700.0
6,FOREST-18,cartesian_no_drag,24,1777829722.0,1777916122.0,8,1777868920.0,10.888333333333334,13.111666666666666,49e74a6c-b21d-46c0-87bb-e4195b4a0dab,True,not applied,complete,60,7.0804992875035095,,../raw_results/forest-experiment-v6/runs/FOREST-18/pre-launch/cartesian_no_drag/49e74a6c-b21d-46c0-87bb-e4195b4a0dab/run.json,../raw_results/forest-experiment-v6/runs/FOREST-18/pre-launch/cartesian_no_drag/49e74a6c-b21d-46c0-87bb-e4195b4a0dab/states.csv,a53d97b10a3bca638073eee2f40a845d6d3eb2130bdb277f1ccbe33885ec7eab,4fb6fbb97d380662b78b0016638816e1ff1498e0b6b3910106adbf791f8a8928,1777919722.0,1777916160.0,1777919700.0
6,FOREST-18,cartesian_no_drag,24,1777829722.0,1777916122.0,8,1777868920.0,10.888333333333334,13.111666666666666,4d451626-a662-4148-8369-abbcd6001b6a,True,not applied,complete,60,7.656788159126298,,../raw_results/forest-experiment-v6/runs/FOREST-18/pre-launch/cartesian_no_drag/4d451626-a662-4148-8369-abbcd6001b6a/run.json,../raw_results/forest-experiment-v6/runs/FOREST-18/pre-launch/cartesian_no_drag/4d451626-a662-4148-8369-abbcd6001b6a/states.csv,820514a1284cbf039d9f7dd7908a2d4682350fd3db874e5f9fa31080353d8042,5f01752f301c39ac674c1b01b463c3c0626e512deac0a891d6529691763f700a,1777919722.0,1777916160.0,1777919700.0
6,FOREST-18,cartesian_no_drag,24,1777829722.0,1777916122.0,8,1777868920.0,10.888333333333334,13.111666666666666,7654ef67-7aba-4f18-bf0a-65eacc1b6a22,True,not applied,complete,60,6.586630299956362,,../raw_results/forest-experiment-v6/runs/FOREST-18/pre-launch/cartesian_no_drag/7654ef67-7aba-4f18-bf0a-65eacc1b6a22/run.json,../raw_results/forest-experiment-v6/runs/FOREST-18/pre-launch/cartesian_no_drag/7654ef67-7aba-4f18-bf0a-65eacc1b6a22/states.csv,aaf8e5f876f3725cbb9f21087cd789b6784c8a39907253d6cfa62baf2c063d38,d6340cc51403faefba7a16b3d5fbfb7d89bf94f2aea84369dbb84c9f21346201,1777919722.0,1777916160.0,1777919700.0
6,FOREST-18,cartesian_no_drag,24,1777829722.0,1777916122.0,8,1777868920.0,10.888333333333334,13.111666666666666,7f6f30f5-0820-469d-9ab6-71b9523e8939,True,not applied,complete,60,11.979909894491085,,../raw_results/forest-experiment-v6/runs/FOREST-18/pre-launch/cartesian_no_drag/7f6f30f5-0820-469d-9ab6-71b9523e8939/run.json,../raw_results/forest-experiment-v6/runs/FOREST-18/pre-launch/cartesian_no_drag/7f6f30f5-0820-469d-9ab6-71b9523e8939/states.csv,49c662f084b0ffb4bf8b52f79dae9d1e9d359b0d109e47556060bf67d5f4d336,444c451918a67dc7c33af95aab929eed6c112ce4f48c46113d4b0ed81cf841e8,1777919722.0,1777916160.0,1777919700.0
6,FOREST-18,cartesian_no_drag,24,1777829722.0,1777916122.0,8,1777868920.0,10.888333333333334,13.111666666666666,8db51bff-de04-4287-b3c8-4f949e7a8df1,True,not applied,complete,60,8.063312986748377,,../raw_results/forest-experiment-v6/runs/FOREST-18/pre-launch/cartesian_no_drag/8db51bff-de04-4287-b3c8-4f949e7a8df1/run.json,../raw_results/forest-experiment-v6/runs/FOREST-18/pre-launch/cartesian_no_drag/8db51bff-de04-4287-b3c8-4f949e7a8df1/states.csv,5ec4d060de1b6ea0e852ff4d71c1dce315d1e433394f9848b53fce56f68388b8,446e56836c2870287636eaa8e489b11e82c8daa785b6e54f6b1287a61275b3e7,1777919722.0,1777916160.0,1777919700.0
6,FOREST-18,cartesian_no_drag,24,1777829722.0,1777916122.0,8,1777868920.0,10.888333333333334,13.111666666666666,,True,not applied,complete,60,5.974723187315604,,../raw_results/forest-experiment-v6/runs/FOREST-18/pre-launch/cartesian_no_drag/all/run.json,../raw_results/forest-experiment-v6/runs/FOREST-18/pre-launch/cartesian_no_drag/all/states.csv,51d2eaa99399ece12a485658b97b7b08023bcf957067563fbb004c9062a6a4ac,caae6328e22a8980c3349d7114a7a202e42bb4b62945e6fda64ae83cc89d157d,1777919722.0,1777916160.0,1777919700.0
6,FOREST-19,cartesian_no_drag,24,1777804965.0,1777891365.0,10,1777872410.0,18.73472222222222,5.2652777777777775,28e194fe-197d-4ec1-b4e4-c206bc5ebb54,True,not applied,complete,60,7.277391430504891,,../raw_results/forest-experiment-v6/runs/FOREST-19/pre-launch/cartesian_no_drag/28e194fe-197d-4ec1-b4e4-c206bc5ebb54/run.json,../raw_results/forest-experiment-v6/runs/FOREST-19/pre-launch/cartesian_no_drag/28e194fe-197d-4ec1-b4e4-c206bc5ebb54/states.csv,e570ff617e13429afce5179942cb64a1ebadc1478231c7e6b1b37b20592385ec,c6e9275a8f871f13572b1dc21c4dc8e8863c1804a04bfca675f23149ef5c9351,1777894965.0,1777891380.0,1777894920.0
6,FOREST-19,cartesian_no_drag,24,1777804965.0,1777891365.0,10,1777872410.0,18.73472222222222,5.2652777777777775,2e914640-332d-4846-8126-0c7d58e2a568,True,not applied,complete,60,7.678352394511623,,../raw_results/forest-experiment-v6/runs/FOREST-19/pre-launch/cartesian_no_drag/2e914640-332d-4846-8126-0c7d58e2a568/run.json,../raw_results/forest-experiment-v6/runs/FOREST-19/pre-launch/cartesian_no_drag/2e914640-332d-4846-8126-0c7d58e2a568/states.csv,6c47e511111bda878aaf9d06db2ac7b48d5526d45f3933dc9d8581f3a0c62ddc,ae50f7461d74ed5d8c9f53b8faf359aa0629c1839b25473062306940a938f4f7,1777894965.0,1777891380.0,1777894920.0
6,FOREST-19,cartesian_no_drag,24,1777804965.0,1777891365.0,10,1777872410.0,18.73472222222222,5.2652777777777775,399cf06a-3730-4818-8f75-270388e8fd0a,True,not applied,complete,60,6.81571352958771,,../raw_results/forest-experiment-v6/runs/FOREST-19/pre-launch/cartesian_no_drag/399cf06a-3730-4818-8f75-270388e8fd0a/run.json,../raw_results/forest-experiment-v6/runs/FOREST-19/pre-launch/cartesian_no_drag/399cf06a-3730-4818-8f75-270388e8fd0a/states.csv,54283382712d84a39ce0032b44ad6350e34128a62aaa6d51150c9022d9f111aa,784e7c2a4ee7827ccc85f4e1c176d94cd1cd24536e5359d7699a2c8f93c8fee0,1777894965.0,1777891380.0,1777894920.0
6,FOREST-19,cartesian_no_drag,24,1777804965.0,1777891365.0,10,1777872410.0,18.73472222222222,5.2652777777777775,5d035d45-52f9-4d77-86fa-7e4917f23992,True,not applied,complete,60,11.801987525822705,,../raw_results/forest-experiment-v6/runs/FOREST-19/pre-launch/cartesian_no_drag/5d035d45-52f9-4d77-86fa-7e4917f23992/run.json,../raw_results/forest-experiment-v6/runs/FOREST-19/pre-launch/cartesian_no_drag/5d035d45-52f9-4d77-86fa-7e4917f23992/states.csv,38d171f434e6734b381b5bdc2718ca23dc4298b3b62ad65ed49281ad6e8ed63f,265395b2defc7c07b3ce7ff1ce9450b52de85338f31758be98548197b73a6b6b,1777894965.0,1777891380.0,1777894920.0
6,FOREST-19,cartesian_no_drag,24,1777804965.0,1777891365.0,10,1777872410.0,18.73472222222222,5.2652777777777775,8c5807c9-daa1-4957-a3a5-2711acfae882,True,not applied,complete,60,6.919258306200228,,../raw_results/forest-experiment-v6/runs/FOREST-19/pre-launch/cartesian_no_drag/8c5807c9-daa1-4957-a3a5-2711acfae882/run.json,../raw_results/forest-experiment-v6/runs/FOREST-19/pre-launch/cartesian_no_drag/8c5807c9-daa1-4957-a3a5-2711acfae882/states.csv,22a9ae37c4f37a14865fe665e7a342ffabcc488e0a9a17e8ad827ad079e55cc5,821226410623a5750d695aa0c7d6e2844a0fa5b4f253cb3b4278841a8d827ba7,1777894965.0,1777891380.0,1777894920.0
6,FOREST-19,cartesian_no_drag,24,1777804965.0,1777891365.0,10,1777872410.0,18.73472222222222,5.2652777777777775,a22fbafe-9e67-4eb3-b02b-7f108aa1b80b,True,not applied,complete,60,0.9306739673903754,,../raw_results/forest-experiment-v6/runs/FOREST-19/pre-launch/cartesian_no_drag/a22fbafe-9e67-4eb3-b02b-7f108aa1b80b/run.json,../raw_results/forest-experiment-v6/runs/FOREST-19/pre-launch/cartesian_no_drag/a22fbafe-9e67-4eb3-b02b-7f108aa1b80b/states.csv,b2b11cecd0bfd72cb40ab93a18d66dd5029ab4d275b690b6ce3782e02b921f24,b597f851389f2fef35f415f2777a9a9ad7f95662f348585cbdf549c24d29b84f,1777894965.0,1777891380.0,1777894920.0
6,FOREST-19,cartesian_no_drag,24,1777804965.0,1777891365.0,10,1777872410.0,18.73472222222222,5.2652777777777775,,True,not applied,complete,60,7.252469690773609,,../raw_results/forest-experiment-v6/runs/FOREST-19/pre-launch/cartesian_no_drag/all/run.json,../raw_results/forest-experiment-v6/runs/FOREST-19/pre-launch/cartesian_no_drag/all/states.csv,819899c7cda15c6537e5fe3ddac865038ad78af1b54162180e98ac02b5a258a8,af0d10d40d6b0554b02845eb2ba9ef71f244098cad46e9fdd2d8592a06253e43,1777894965.0,1777891380.0,1777894920.0
6,FOREST-19,cartesian_no_drag,24,1777804965.0,1777891365.0,10,1777872410.0,18.73472222222222,5.2652777777777775,d2af3474-5932-431d-ae42-c7ce901c93ba,True,not applied,complete,60,10.013879577983886,,../raw_results/forest-experiment-v6/runs/FOREST-19/pre-launch/cartesian_no_drag/d2af3474-5932-431d-ae42-c7ce901c93ba/run.json,../raw_results/forest-experiment-v6/runs/FOREST-19/pre-launch/cartesian_no_drag/d2af3474-5932-431d-ae42-c7ce901c93ba/states.csv,00b301b685b333e8500b9a12f5e1d98c56f82bd965f7a6a33fe950a238b7752c,ea4b38c8b6ca6738afcf3fe9bd728337b60335444151300ea2f9266c1a79304d,1777894965.0,1777891380.0,1777894920.0
6,FOREST-19,cartesian_no_drag,24,1777804965.0,1777891365.0,10,1777872410.0,18.73472222222222,5.2652777777777775,df2618ab-46b7-49bb-a148-ea9f89466869,True,not applied,complete,60,41.234346191846136,,../raw_results/forest-experiment-v6/runs/FOREST-19/pre-launch/cartesian_no_drag/df2618ab-46b7-49bb-a148-ea9f89466869/run.json,../raw_results/forest-experiment-v6/runs/FOREST-19/pre-launch/cartesian_no_drag/df2618ab-46b7-49bb-a148-ea9f89466869/states.csv,1e048b5e1c3b29ac027448d6514a85c5914a66bbcde56cc6efddba8dc7d80a19,b1b3c373fd6050a023eb88f2ce5ff0a5c834e7571eb3fe17439d674365f588eb,1777894965.0,1777891380.0,1777894920.0
6,FOREST-19,cartesian_no_drag,24,1777804965.0,1777891365.0,10,1777872410.0,18.73472222222222,5.2652777777777775,e629dfe8-8210-4af9-a61d-f02b5377a4fd,True,not applied,complete,60,14.996840847444412,,../raw_results/forest-experiment-v6/runs/FOREST-19/pre-launch/cartesian_no_drag/e629dfe8-8210-4af9-a61d-f02b5377a4fd/run.json,../raw_results/forest-experiment-v6/runs/FOREST-19/pre-launch/cartesian_no_drag/e629dfe8-8210-4af9-a61d-f02b5377a4fd/states.csv,c0e0da514e20181729699ce61d4f3de92690907ca017e465003aaf93bb39edbc,c4f6b36ac1023871a67cfe1d9a41ff6e995a89a322917082570ec6e45cba79de,1777894965.0,1777891380.0,1777894920.0
6,FOREST-19,cartesian_no_drag,24,1777804965.0,1777891365.0,10,1777872410.0,18.73472222222222,5.2652777777777775,f80c6227-6cc9-441f-ae4f-13c37b361b00,True,not applied,complete,60,5.537001023714998,,../raw_results/forest-experiment-v6/runs/FOREST-19/pre-launch/cartesian_no_drag/f80c6227-6cc9-441f-ae4f-13c37b361b00/run.json,../raw_results/forest-experiment-v6/runs/FOREST-19/pre-launch/cartesian_no_drag/f80c6227-6cc9-441f-ae4f-13c37b361b00/states.csv,d8430112f6856f5f2343c81057483e3be62897022b621ee2fe3f78e7d6b8667d,26d87bdc8cf755ff753081ae703f86f1219244ff1ae3e1361cf67a39b9303732,1777894965.0,1777891380.0,1777894920.0
7,FOREST-16,sgp4_L+n,12,1777805395.0,1777848595.0,6,1777845271.0,11.076666666666666,0.9233333333333333,,True,True,complete,60,10.978763723949795,,../raw_results/forest-experiment-v7/runs/FOREST-16/sgp4_L+n/prefix-06/omit-00/run.json,../raw_results/forest-experiment-v7/runs/FOREST-16/sgp4_L+n/prefix-06/omit-00/states.parquet,db0850c0317d4415d2051db937dbd58f58f61f962ed03b50b310442d3da97e99,c9ebf60d1896126a233e9a10f496b609b11eb27710d6bcfa1afd9b9e0fef4b1b,1777852195.0,1777848600.0,1777852140.0
7,FOREST-16,sgp4_L+n,12,1777805395.0,1777848595.0,6,1777845271.0,11.076666666666666,0.9233333333333333,b2bd28a8-6704-4a67-bd8b-2c84fb0473bc,True,True,complete,60,6.79452312451736,,../raw_results/forest-experiment-v7/runs/FOREST-16/sgp4_L+n/prefix-06/omit-01/run.json,../raw_results/forest-experiment-v7/runs/FOREST-16/sgp4_L+n/prefix-06/omit-01/states.parquet,daadb9ab424e0f401d02dafcde9a7b75192779e9e4adad37cf59f354d1dd72c6,674e1e148f73a2929a1e7a870eae82b44adf4e3433c8aeee363333fde341991b,1777852195.0,1777848600.0,1777852140.0
7,FOREST-16,sgp4_L+n,12,1777805395.0,1777848595.0,6,1777845271.0,11.076666666666666,0.9233333333333333,1c36ca34-a985-4809-9ca7-65e422e6c47d,True,True,complete,60,11.056217394983054,,../raw_results/forest-experiment-v7/runs/FOREST-16/sgp4_L+n/prefix-06/omit-02/run.json,../raw_results/forest-experiment-v7/runs/FOREST-16/sgp4_L+n/prefix-06/omit-02/states.parquet,5dba78b039774ba8e5578f577e8ec26d981bda430c206cd62b533d9f8aa305a4,286db67a548217ca960112d01dc475b6042bc4709008c8e03282796e9e2c4775,1777852195.0,1777848600.0,1777852140.0
7,FOREST-16,sgp4_L+n,12,1777805395.0,1777848595.0,6,1777845271.0,11.076666666666666,0.9233333333333333,e5d79f0b-730b-4832-becf-f716d7322784,True,True,complete,60,9.438273555019673,,../raw_results/forest-experiment-v7/runs/FOREST-16/sgp4_L+n/prefix-06/omit-03/run.json,../raw_results/forest-experiment-v7/runs/FOREST-16/sgp4_L+n/prefix-06/omit-03/states.parquet,b467a5438eb8d238138006e1ee433588b3200d072f20c13a7c55756445a055fb,7d2630e215e1577a0c1e8c2865c02967ab91bdae2f6c91586fccda67b28bd3d0,1777852195.0,1777848600.0,1777852140.0
7,FOREST-16,sgp4_L+n,12,1777805395.0,1777848595.0,6,1777845271.0,11.076666666666666,0.9233333333333333,bcec2df5-c0d0-4e89-91ae-f0568424de8a,True,True,complete,60,10.70630160140459,,../raw_results/forest-experiment-v7/runs/FOREST-16/sgp4_L+n/prefix-06/omit-04/run.json,../raw_results/forest-experiment-v7/runs/FOREST-16/sgp4_L+n/prefix-06/omit-04/states.parquet,8861e42c560a571c472ccc1f899318a95b4650cb50f477a0d57888193e0cef82,1ab8bfe0b6180e93e468285f66e24e11f80ed1e3bed9d6ca5d18532b817d9c61,1777852195.0,1777848600.0,1777852140.0
7,FOREST-16,sgp4_L+n,12,1777805395.0,1777848595.0,6,1777845271.0,11.076666666666666,0.9233333333333333,82723fb0-59f4-4de8-ac05-f9f3d9a7dcc7,True,True,complete,60,10.578823054658328,,../raw_results/forest-experiment-v7/runs/FOREST-16/sgp4_L+n/prefix-06/omit-05/run.json,../raw_results/forest-experiment-v7/runs/FOREST-16/sgp4_L+n/prefix-06/omit-05/states.parquet,3aca65bc2e2a285cc7b494a48cb4a7950776f264beb32f0d7c35366066df6d7f,5ada73bbe1205218ce4f7bc0f1c227b059af873e95c72720fb73d54683e391e9,1777852195.0,1777848600.0,1777852140.0
7,FOREST-16,sgp4_L+n,12,1777805395.0,1777848595.0,6,1777845271.0,11.076666666666666,0.9233333333333333,7cb89272-0ba6-4eaf-8445-917ec34e727e,True,True,complete,60,11.630098131206662,,../raw_results/forest-experiment-v7/runs/FOREST-16/sgp4_L+n/prefix-06/omit-06/run.json,../raw_results/forest-experiment-v7/runs/FOREST-16/sgp4_L+n/prefix-06/omit-06/states.parquet,cf8aae24acb5484627bf8f17695b3ec65fa562e889552e257db0da146cbd2a05,169b6d2b1ffd61b17d1b9618fa6c159de6457643a16685bc01794a8b15c7e073,1777852195.0,1777848600.0,1777852140.0
7,FOREST-17,sgp4_L+n,12,1777808324.0,1777851524.0,7,1777849555.0,11.453055555555556,0.5469444444444445,,True,True,complete,60,2.4755091015678916,,../raw_results/forest-experiment-v7/runs/FOREST-17/sgp4_L+n/prefix-07/omit-00/run.json,../raw_results/forest-experiment-v7/runs/FOREST-17/sgp4_L+n/prefix-07/omit-00/states.parquet,27d5d2e6d082d811384762734f594baf65ecb9173fb4c96fdf407557fc6dadc9,1c503e8b793353e2e58bdc8960c6d1c270c2b238905c04e6aeffff939e7ba86d,1777855124.0,1777851540.0,1777855080.0
7,FOREST-17,sgp4_L+n,12,1777808324.0,1777851524.0,7,1777849555.0,11.453055555555556,0.5469444444444445,dc06b459-269d-446a-97ef-9b6febcd8679,True,True,complete,60,1.965816135332369,,../raw_results/forest-experiment-v7/runs/FOREST-17/sgp4_L+n/prefix-07/omit-01/run.json,../raw_results/forest-experiment-v7/runs/FOREST-17/sgp4_L+n/prefix-07/omit-01/states.parquet,258da39bd6713e777e65ccf011a699fae81e2079ca566bd3a68536d3285d0ed6,66d33047ec28cace911b501b41709f2155bade54439ed541131a53dba04c084e,1777855124.0,1777851540.0,1777855080.0
7,FOREST-17,sgp4_L+n,12,1777808324.0,1777851524.0,7,1777849555.0,11.453055555555556,0.5469444444444445,6569e3a1-7aa1-4ff3-a2c0-cd1cd88fd85a,True,True,complete,60,2.9669939034145214,,../raw_results/forest-experiment-v7/runs/FOREST-17/sgp4_L+n/prefix-07/omit-02/run.json,../raw_results/forest-experiment-v7/runs/FOREST-17/sgp4_L+n/prefix-07/omit-02/states.parquet,85096f2285015075e843245248b8fbfc616efbaa551cd5d19bd88ea078d16e2b,a7cd7f0b7598a6f884dad261a0aa349d8b292be7f2bda160cc510ebd96ad474c,1777855124.0,1777851540.0,1777855080.0
7,FOREST-17,sgp4_L+n,12,1777808324.0,1777851524.0,7,1777849555.0,11.453055555555556,0.5469444444444445,5233c319-41fd-4896-847f-112ddfe9c56d,True,True,complete,60,3.0695018698973646,,../raw_results/forest-experiment-v7/runs/FOREST-17/sgp4_L+n/prefix-07/omit-03/run.json,../raw_results/forest-experiment-v7/runs/FOREST-17/sgp4_L+n/prefix-07/omit-03/states.parquet,27bc086bbe21902ae66a9d883cece12ed9e37dedc550b27dfe1a207d4faa7c90,dd5b609edf3a753b2474f5255f9aad3f54a324f77a0269eda50f34992d348d85,1777855124.0,1777851540.0,1777855080.0
7,FOREST-17,sgp4_L+n,12,1777808324.0,1777851524.0,7,1777849555.0,11.453055555555556,0.5469444444444445,74df0163-cf66-41f9-b960-409fca756c93,True,True,complete,60,2.4629010913516254,,../raw_results/forest-experiment-v7/runs/FOREST-17/sgp4_L+n/prefix-07/omit-04/run.json,../raw_results/forest-experiment-v7/runs/FOREST-17/sgp4_L+n/prefix-07/omit-04/states.parquet,bdc0ac8d0cf342e66db0b4efdd49ceb6d6e1ac299c8783ab36aa806b8780385d,2fda93a2352798af440bb02a16193f0887efa576f6fcb310326ce8bb87590b8f,1777855124.0,1777851540.0,1777855080.0
7,FOREST-17,sgp4_L+n,12,1777808324.0,1777851524.0,7,1777849555.0,11.453055555555556,0.5469444444444445,2610bd5f-3a3f-4756-be38-d31392d4324c,True,True,complete,60,2.906193105851973,,../raw_results/forest-experiment-v7/runs/FOREST-17/sgp4_L+n/prefix-07/omit-05/run.json,../raw_results/forest-experiment-v7/runs/FOREST-17/sgp4_L+n/prefix-07/omit-05/states.parquet,b6fa7f16a40402aaaf6984f95556a725bdd7fb278a2f83ccbb0abdcb8162c332,e79bcaac09a3ba87ddbb9896a9b72781f8c580dbe1ab2f8bd7fcca5f4dc1dd3d,1777855124.0,1777851540.0,1777855080.0
7,FOREST-17,sgp4_L+n,12,1777808324.0,1777851524.0,7,1777849555.0,11.453055555555556,0.5469444444444445,36c92afa-8853-4630-a788-ad2e63912d51,True,True,complete,60,2.525863553261611,,../raw_results/forest-experiment-v7/runs/FOREST-17/sgp4_L+n/prefix-07/omit-06/run.json,../raw_results/forest-experiment-v7/runs/FOREST-17/sgp4_L+n/prefix-07/omit-06/states.parquet,e5f4da20c7f8a1163ab8fe5e2cc4f1e20b6d91174a9f3e0cba218a77840fdbb5,59ad80f72ffbed588a21f3b374b10d4445488aab3c8f4887c36f499e1ed905b7,1777855124.0,1777851540.0,1777855080.0
7,FOREST-17,sgp4_L+n,12,1777808324.0,1777851524.0,7,1777849555.0,11.453055555555556,0.5469444444444445,d61bfc77-1d1c-4e82-91fd-6e7489e73cb3,True,True,complete,60,2.481189222483207,,../raw_results/forest-experiment-v7/runs/FOREST-17/sgp4_L+n/prefix-07/omit-07/run.json,../raw_results/forest-experiment-v7/runs/FOREST-17/sgp4_L+n/prefix-07/omit-07/states.parquet,2c531d1608af58cf72f01af8783de19246bdccc4578bce173d3b1b886cab3372,f73d1ae42f7e811d2162b70035605f77022f974152d5422a11ed0fb0a3c4c04d,1777855124.0,1777851540.0,1777855080.0
7,FOREST-18,sgp4_L+n,12,1777818158.0,1777861358.0,9,1777860976.0,11.893888888888888,0.10611111111111111,,True,True,complete,60,1.2944093863576938,,../raw_results/forest-experiment-v7/runs/FOREST-18/sgp4_L+n/prefix-09/omit-00/run.json,../raw_results/forest-experiment-v7/runs/FOREST-18/sgp4_L+n/prefix-09/omit-00/states.parquet,e662fe9787138a1d1cff4960d112a8d15b9dd08892e9294d97071301f590f06d,795ae64dcae3f93dd1e3f8fefafe561af6b10c1eabe9494ae4d1498df25f1114,1777864958.0,1777861380.0,1777864920.0
7,FOREST-18,sgp4_L+n,12,1777818158.0,1777861358.0,9,1777860976.0,11.893888888888888,0.10611111111111111,b2015720-f0bb-48e7-b19a-131a592c9501,True,True,complete,60,1.426502883445385,,../raw_results/forest-experiment-v7/runs/FOREST-18/sgp4_L+n/prefix-09/omit-01/run.json,../raw_results/forest-experiment-v7/runs/FOREST-18/sgp4_L+n/prefix-09/omit-01/states.parquet,c2e494c3c67129e0abb40ca37b8a9e11b731518293435f43a9041f2140510b22,4f1fc670b64cf5b2ad82ba8701353d1336e6dd134596cba3c7a114e10d298adb,1777864958.0,1777861380.0,1777864920.0
7,FOREST-18,sgp4_L+n,12,1777818158.0,1777861358.0,9,1777860976.0,11.893888888888888,0.10611111111111111,49e74a6c-b21d-46c0-87bb-e4195b4a0dab,True,True,complete,60,2.578930952028501,,../raw_results/forest-experiment-v7/runs/FOREST-18/sgp4_L+n/prefix-09/omit-02/run.json,../raw_results/forest-experiment-v7/runs/FOREST-18/sgp4_L+n/prefix-09/omit-02/states.parquet,9294a6a885ddf10f26c35bbc61219a39592ca81c0c9909c3f754d2345c61c5a9,a60993ebde437c143b1ce128c1d49bc9f982f8cee16d27147375e603988e70bc,1777864958.0,1777861380.0,1777864920.0
7,FOREST-18,sgp4_L+n,12,1777818158.0,1777861358.0,9,1777860976.0,11.893888888888888,0.10611111111111111,6c22b929-f451-4e3f-bc5d-fc4e230c6c02,True,True,complete,60,1.3124949151463259,,../raw_results/forest-experiment-v7/runs/FOREST-18/sgp4_L+n/prefix-09/omit-03/run.json,../raw_results/forest-experiment-v7/runs/FOREST-18/sgp4_L+n/prefix-09/omit-03/states.parquet,6bd0d61ed41e6d79f7fba5793e394e1bc81ffd60a9bfbb079cfec3f07285c7db,ac34a3affa40022e520c9b56c2f40859adb42941a0eefc3b0cd391eba91c2a09,1777864958.0,1777861380.0,1777864920.0
7,FOREST-18,sgp4_L+n,12,1777818158.0,1777861358.0,9,1777860976.0,11.893888888888888,0.10611111111111111,48de3125-1fd3-40df-be87-5fc55aa2485f,True,True,complete,60,0.453136147180867,,../raw_results/forest-experiment-v7/runs/FOREST-18/sgp4_L+n/prefix-09/omit-04/run.json,../raw_results/forest-experiment-v7/runs/FOREST-18/sgp4_L+n/prefix-09/omit-04/states.parquet,fc790ea8564d80da2ea49241384fcc4dbeefec697ed0eac968a43432fd7c86d1,7f2a73d369259c363f1049175afe313fc99939f552dce2bd6da021da48241409,1777864958.0,1777861380.0,1777864920.0
7,FOREST-18,sgp4_L+n,12,1777818158.0,1777861358.0,9,1777860976.0,11.893888888888888,0.10611111111111111,2735b79f-1ae2-4be6-9b13-774d026efd72,True,True,complete,60,1.3067617531293012,,../raw_results/forest-experiment-v7/runs/FOREST-18/sgp4_L+n/prefix-09/omit-05/run.json,../raw_results/forest-experiment-v7/runs/FOREST-18/sgp4_L+n/prefix-09/omit-05/states.parquet,5625edadc278ae4868f4ae19e330a5c06dabc0895689bf5e6920a09731f52388,a2b4762f00e2107a837ccc06d0d2f5aad3fa318d1d2fdd3716b7210b9beb7880,1777864958.0,1777861380.0,1777864920.0
7,FOREST-18,sgp4_L+n,12,1777818158.0,1777861358.0,9,1777860976.0,11.893888888888888,0.10611111111111111,7654ef67-7aba-4f18-bf0a-65eacc1b6a22,True,True,complete,60,0.9030836609137829,,../raw_results/forest-experiment-v7/runs/FOREST-18/sgp4_L+n/prefix-09/omit-06/run.json,../raw_results/forest-experiment-v7/runs/FOREST-18/sgp4_L+n/prefix-09/omit-06/states.parquet,5a96c0d65b8bf2c0c5342f4d3f7cf2fcd21b5231c17481000270c59d6ea84139,044b8ce993b42acb392b1d6c43365ad94e6a8f1b58a0c4eecc5cfac222a09e4f,1777864958.0,1777861380.0,1777864920.0
7,FOREST-18,sgp4_L+n,12,1777818158.0,1777861358.0,9,1777860976.0,11.893888888888888,0.10611111111111111,105f1f16-870e-4658-9a38-41c74ea5939c,True,True,complete,60,1.2388602103098956,,../raw_results/forest-experiment-v7/runs/FOREST-18/sgp4_L+n/prefix-09/omit-07/run.json,../raw_results/forest-experiment-v7/runs/FOREST-18/sgp4_L+n/prefix-09/omit-07/states.parquet,5aa7fd40c066d5adf86bc24348b05baff536f76a42eb5038ac26d5e1e4e24ee9,ee6437b651bb52a0d9c75541e6ad454510f062e668caa98b345bb274a808b36f,1777864958.0,1777861380.0,1777864920.0
7,FOREST-18,sgp4_L+n,12,1777818158.0,1777861358.0,9,1777860976.0,11.893888888888888,0.10611111111111111,8db51bff-de04-4287-b3c8-4f949e7a8df1,True,True,complete,60,1.4454717305602123,,../raw_results/forest-experiment-v7/runs/FOREST-18/sgp4_L+n/prefix-09/omit-08/run.json,../raw_results/forest-experiment-v7/runs/FOREST-18/sgp4_L+n/prefix-09/omit-08/states.parquet,52b981ae93185d202edc3c80a64442637dcc0fc3e75e05a8fe0a003baf5fee70,63cc9f6fa6d020fb084f1936dfe531517c9a80861dd7dd358bd456d833c59e86,1777864958.0,1777861380.0,1777864920.0
7,FOREST-18,sgp4_L+n,12,1777818158.0,1777861358.0,9,1777860976.0,11.893888888888888,0.10611111111111111,7f6f30f5-0820-469d-9ab6-71b9523e8939,True,True,complete,60,0.3299608440941237,,../raw_results/forest-experiment-v7/runs/FOREST-18/sgp4_L+n/prefix-09/omit-09/run.json,../raw_results/forest-experiment-v7/runs/FOREST-18/sgp4_L+n/prefix-09/omit-09/states.parquet,9d847e1c65fcf023b00cdfa6009866fef906945ef9875c4fa79f34c4f56b21b7,a2f66858fb49247f60fc86bb3c57580771dbfb1501083d3f73f6057b6112aa67,1777864958.0,1777861380.0,1777864920.0
7,FOREST-19,sgp4_L+n,12,1777804965.0,1777848165.0,7,1777843700.0,10.759722222222223,1.2402777777777778,,True,True,complete,60,5.808543012935603,,../raw_results/forest-experiment-v7/runs/FOREST-19/sgp4_L+n/prefix-07/omit-00/run.json,../raw_results/forest-experiment-v7/runs/FOREST-19/sgp4_L+n/prefix-07/omit-00/states.parquet,50bcdf483709ad21bc55fbc1886b966b695f889ae9bb30539ae0a33aecaa41bf,caa1d2f60b960321534f84be43e1985d5b77d349eb90a6cbdeffb1e0637a9c2c,1777851765.0,1777848180.0,1777851720.0
7,FOREST-19,sgp4_L+n,12,1777804965.0,1777848165.0,7,1777843700.0,10.759722222222223,1.2402777777777778,28e194fe-197d-4ec1-b4e4-c206bc5ebb54,True,True,complete,60,5.901263715557435,,../raw_results/forest-experiment-v7/runs/FOREST-19/sgp4_L+n/prefix-07/omit-01/run.json,../raw_results/forest-experiment-v7/runs/FOREST-19/sgp4_L+n/prefix-07/omit-01/states.parquet,8bb2f6e493488fc778b432f98c5e7b3fb35ef0a4c4b602ae7eadc329355b7a09,b4164950f8cabd7abd114b10a1c48d3d707cf0bd26f04de6fa613db95e19b3b4,1777851765.0,1777848180.0,1777851720.0
7,FOREST-19,sgp4_L+n,12,1777804965.0,1777848165.0,7,1777843700.0,10.759722222222223,1.2402777777777778,a22fbafe-9e67-4eb3-b02b-7f108aa1b80b,True,True,complete,60,16.015712497297493,,../raw_results/forest-experiment-v7/runs/FOREST-19/sgp4_L+n/prefix-07/omit-02/run.json,../raw_results/forest-experiment-v7/runs/FOREST-19/sgp4_L+n/prefix-07/omit-02/states.parquet,59109820ceaa145c985c04ae96c892194fa8e545db41a90c963f35364a791b9e,9b6d65ae241a01047466e003a02c14a8669cb91d6d7cfc2b479d85de9e2b8946,1777851765.0,1777848180.0,1777851720.0
7,FOREST-19,sgp4_L+n,12,1777804965.0,1777848165.0,7,1777843700.0,10.759722222222223,1.2402777777777778,f80c6227-6cc9-441f-ae4f-13c37b361b00,True,True,complete,60,5.226817849797864,,../raw_results/forest-experiment-v7/runs/FOREST-19/sgp4_L+n/prefix-07/omit-03/run.json,../raw_results/forest-experiment-v7/runs/FOREST-19/sgp4_L+n/prefix-07/omit-03/states.parquet,52a0cd06752013d2082926003c377f595b655dad95c3a6bfa52154e55cd91658,1c9fc7bcf928fa80b4ada5e3230224195f93af04d79dae07d8feb759ee526b4d,1777851765.0,1777848180.0,1777851720.0
7,FOREST-19,sgp4_L+n,12,1777804965.0,1777848165.0,7,1777843700.0,10.759722222222223,1.2402777777777778,2e914640-332d-4846-8126-0c7d58e2a568,True,True,complete,60,5.813189996570306,,../raw_results/forest-experiment-v7/runs/FOREST-19/sgp4_L+n/prefix-07/omit-04/run.json,../raw_results/forest-experiment-v7/runs/FOREST-19/sgp4_L+n/prefix-07/omit-04/states.parquet,c54cf42e867784f6bb2e0fdd6eaeb0e4166b7fa7efab6d2d250c7af25c1fc8bb,90758f7b6b68ed14213fcdabb1a64c049dd1e1fcd4633da3ce5c2eda006445e1,1777851765.0,1777848180.0,1777851720.0
7,FOREST-19,sgp4_L+n,12,1777804965.0,1777848165.0,7,1777843700.0,10.759722222222223,1.2402777777777778,399cf06a-3730-4818-8f75-270388e8fd0a,True,True,complete,60,5.977203901080274,,../raw_results/forest-experiment-v7/runs/FOREST-19/sgp4_L+n/prefix-07/omit-05/run.json,../raw_results/forest-experiment-v7/runs/FOREST-19/sgp4_L+n/prefix-07/omit-05/states.parquet,0c60e6c590266da35c3854e32ffbc8d2172d82c499f3097ceb61f951ed555cb0,f87110d5ee07e5316c255c118ca629c8d384c4996cd6ef2c7586d8b01889b968,1777851765.0,1777848180.0,1777851720.0
7,FOREST-19,sgp4_L+n,12,1777804965.0,1777848165.0,7,1777843700.0,10.759722222222223,1.2402777777777778,d2af3474-5932-431d-ae42-c7ce901c93ba,True,True,complete,60,9.71704454261656,,../raw_results/forest-experiment-v7/runs/FOREST-19/sgp4_L+n/prefix-07/omit-06/run.json,../raw_results/forest-experiment-v7/runs/FOREST-19/sgp4_L+n/prefix-07/omit-06/states.parquet,5cc916049e1e469db3ffd01326676b331fd552f2c0404d80c1306bbf2a4fd75f,40431829f355103865178c14d8a641b58391974451c698d2d08e63e000fcdc07,1777851765.0,1777848180.0,1777851720.0
7,FOREST-19,sgp4_L+n,12,1777804965.0,1777848165.0,7,1777843700.0,10.759722222222223,1.2402777777777778,5d035d45-52f9-4d77-86fa-7e4917f23992,True,True,complete,60,4.90801896481278,,../raw_results/forest-experiment-v7/runs/FOREST-19/sgp4_L+n/prefix-07/omit-07/run.json,../raw_results/forest-experiment-v7/runs/FOREST-19/sgp4_L+n/prefix-07/omit-07/states.parquet,05265dcc6f76a90e6559331b5ccff55a7b94cc8595715d5f87cd2fb00111741b,247f89e798572eb0c1b127a4011df1e02d813334bf1634e33b9c0e543ce53ee3,1777851765.0,1777848180.0,1777851720.0
7,FOREST-16,sgp4_L+n,24,1777805395.0,1777891795.0,10,1777863223.0,16.063333333333333,7.9366666666666665,,True,True,complete,60,3.730137921140719,,../raw_results/forest-experiment-v7/runs/FOREST-16/sgp4_L+n/prefix-10/omit-00/run.json,../raw_results/forest-experiment-v7/runs/FOREST-16/sgp4_L+n/prefix-10/omit-00/states.parquet,02bec4812fb71022c222e2875f5b6d293b3dd9b12d3aae6a0437a2a4a58fb09b,305a38fd8c120206b3cb786f1b6496ccfa98bea91ca1d908c229fc38a4a2b788,1777895395.0,1777891800.0,1777895340.0
7,FOREST-16,sgp4_L+n,24,1777805395.0,1777891795.0,10,1777863223.0,16.063333333333333,7.9366666666666665,b2bd28a8-6704-4a67-bd8b-2c84fb0473bc,True,True,complete,60,0.44661964036128976,,../raw_results/forest-experiment-v7/runs/FOREST-16/sgp4_L+n/prefix-10/omit-01/run.json,../raw_results/forest-experiment-v7/runs/FOREST-16/sgp4_L+n/prefix-10/omit-01/states.parquet,7413c55f1d1b28099e7ab983568167a251aff923eb68d6b27b61a1784b8655c1,0f9e7eaec6e99308cb6dbd7aefaa2fb72eb0544eacfdf7297d6e4ebabcc8b953,1777895395.0,1777891800.0,1777895340.0
7,FOREST-16,sgp4_L+n,24,1777805395.0,1777891795.0,10,1777863223.0,16.063333333333333,7.9366666666666665,1c36ca34-a985-4809-9ca7-65e422e6c47d,True,True,complete,60,3.6847991798041217,,../raw_results/forest-experiment-v7/runs/FOREST-16/sgp4_L+n/prefix-10/omit-02/run.json,../raw_results/forest-experiment-v7/runs/FOREST-16/sgp4_L+n/prefix-10/omit-02/states.parquet,1faed568a97f1996f62caff5684a70bfdcfbedacdc591653be1149cf6d8fd281,0f0d761d44ca8c58935d010a7083c31b7735f4356dd0bd3828e6620eadf3efae,1777895395.0,1777891800.0,1777895340.0
7,FOREST-16,sgp4_L+n,24,1777805395.0,1777891795.0,10,1777863223.0,16.063333333333333,7.9366666666666665,e5d79f0b-730b-4832-becf-f716d7322784,True,True,complete,60,4.763558260166452,,../raw_results/forest-experiment-v7/runs/FOREST-16/sgp4_L+n/prefix-10/omit-03/run.json,../raw_results/forest-experiment-v7/runs/FOREST-16/sgp4_L+n/prefix-10/omit-03/states.parquet,33bd99aec3ffbadbebce12cfd30ed6a1725b14c764e3c1f9de820720bc84edf3,45b1d283f097ddb5e7d8314eb0c3542243b00585ea65af7e6739787a7e41953a,1777895395.0,1777891800.0,1777895340.0
7,FOREST-16,sgp4_L+n,24,1777805395.0,1777891795.0,10,1777863223.0,16.063333333333333,7.9366666666666665,bcec2df5-c0d0-4e89-91ae-f0568424de8a,True,True,complete,60,3.7382083191478466,,../raw_results/forest-experiment-v7/runs/FOREST-16/sgp4_L+n/prefix-10/omit-04/run.json,../raw_results/forest-experiment-v7/runs/FOREST-16/sgp4_L+n/prefix-10/omit-04/states.parquet,f647cc9ced1a63df0e3f23bb1b36ab78857ecf8e2051c143703ffd2da8e0313c,fe254db83482937aaa9fabb1c927c9842eaf258166f18969ff3b19917ea54440,1777895395.0,1777891800.0,1777895340.0
7,FOREST-16,sgp4_L+n,24,1777805395.0,1777891795.0,10,1777863223.0,16.063333333333333,7.9366666666666665,82723fb0-59f4-4de8-ac05-f9f3d9a7dcc7,True,True,complete,60,3.753702518720509,,../raw_results/forest-experiment-v7/runs/FOREST-16/sgp4_L+n/prefix-10/omit-05/run.json,../raw_results/forest-experiment-v7/runs/FOREST-16/sgp4_L+n/prefix-10/omit-05/states.parquet,4e44e1cde6f590ac587cb4abe1b9f046a8a6139083814dc5aaefa4759b9e66ae,1a475a4f12f49c691d06e9c701d6104961ab028c77f1e99b7d9eef7da6f7cdee,1777895395.0,1777891800.0,1777895340.0
7,FOREST-16,sgp4_L+n,24,1777805395.0,1777891795.0,10,1777863223.0,16.063333333333333,7.9366666666666665,7cb89272-0ba6-4eaf-8445-917ec34e727e,True,True,complete,60,3.7303849419874777,,../raw_results/forest-experiment-v7/runs/FOREST-16/sgp4_L+n/prefix-10/omit-06/run.json,../raw_results/forest-experiment-v7/runs/FOREST-16/sgp4_L+n/prefix-10/omit-06/states.parquet,dd68ff0f03d0a461d5f1eea0efbc4e4ad33ecf3f3ceb4d02cc4a0cb11807201b,2e482af77d1d22d3b0d2a3abf1f6f379a156323553b86f8feb4e5b42595f48f3,1777895395.0,1777891800.0,1777895340.0
7,FOREST-16,sgp4_L+n,24,1777805395.0,1777891795.0,10,1777863223.0,16.063333333333333,7.9366666666666665,2a45c0d3-c3e9-45e8-a11f-5dbf6bda0693,True,True,complete,60,3.749047588874804,,../raw_results/forest-experiment-v7/runs/FOREST-16/sgp4_L+n/prefix-10/omit-07/run.json,../raw_results/forest-experiment-v7/runs/FOREST-16/sgp4_L+n/prefix-10/omit-07/states.parquet,ca3cbaf6ce04b7a904ffae4ef5ce3a91aa933378a7c9bdd89ae9ba6bc65203df,52e5821487ec4d1d50feba01454a7f0233224b029fd650b12d2176fbd15d8487,1777895395.0,1777891800.0,1777895340.0
7,FOREST-16,sgp4_L+n,24,1777805395.0,1777891795.0,10,1777863223.0,16.063333333333333,7.9366666666666665,33061519-fa11-49e4-becd-6c770efd6e11,True,True,complete,60,4.014491624482703,,../raw_results/forest-experiment-v7/runs/FOREST-16/sgp4_L+n/prefix-10/omit-08/run.json,../raw_results/forest-experiment-v7/runs/FOREST-16/sgp4_L+n/prefix-10/omit-08/states.parquet,c6e6c2d6a754b7ee6f03cc580c29f8a4323f43161e078c1bf352ef99c53d8436,1e1c636febc7c77e6f119bb52aae2f47234399bf5061dfa89213985a6ca7cbcb,1777895395.0,1777891800.0,1777895340.0
7,FOREST-16,sgp4_L+n,24,1777805395.0,1777891795.0,10,1777863223.0,16.063333333333333,7.9366666666666665,85ec563d-ecb0-4c0b-9b2d-eeb9cec80587,True,True,complete,60,3.7305122906820745,,../raw_results/forest-experiment-v7/runs/FOREST-16/sgp4_L+n/prefix-10/omit-09/run.json,../raw_results/forest-experiment-v7/runs/FOREST-16/sgp4_L+n/prefix-10/omit-09/states.parquet,c31fc95d7b618271cb47d5baa26a76aaa4ad6554c09e0fd9dfae396caedc0e27,49b01979d950e355c932c36874c152d4b54c69615ad76f2383e471289504560f,1777895395.0,1777891800.0,1777895340.0
7,FOREST-16,sgp4_L+n,24,1777805395.0,1777891795.0,10,1777863223.0,16.063333333333333,7.9366666666666665,556b1cfa-0a8e-4d19-8f95-b123fd47cd60,True,True,complete,60,4.109904969704477,,../raw_results/forest-experiment-v7/runs/FOREST-16/sgp4_L+n/prefix-10/omit-10/run.json,../raw_results/forest-experiment-v7/runs/FOREST-16/sgp4_L+n/prefix-10/omit-10/states.parquet,85284d424731613c4464a1bd3784df5c644fcacd7c0445180dac510352385c0d,86ae25218f83b871e99428cf6e5eac25c74f22844cf0d6227442b30e78f2c4bf,1777895395.0,1777891800.0,1777895340.0
7,FOREST-17,sgp4_L+n,24,1777808324.0,1777894724.0,10,1777866765.0,16.23361111111111,7.766388888888889,,True,True,complete,60,11.266134844325345,,../raw_results/forest-experiment-v7/runs/FOREST-17/sgp4_L+n/prefix-10/omit-00/run.json,../raw_results/forest-experiment-v7/runs/FOREST-17/sgp4_L+n/prefix-10/omit-00/states.parquet,27171535dff2bf46f48342493dfc00e0e301b8c19566afae09dea5711ce2022c,c3cc9a76d0a96d814b58607d78257d3a1e051fcb71dd4c67cf592f303b8866c5,1777898324.0,1777894740.0,1777898280.0
7,FOREST-17,sgp4_L+n,24,1777808324.0,1777894724.0,10,1777866765.0,16.23361111111111,7.766388888888889,dc06b459-269d-446a-97ef-9b6febcd8679,True,True,complete,60,10.633767605569773,,../raw_results/forest-experiment-v7/runs/FOREST-17/sgp4_L+n/prefix-10/omit-01/run.json,../raw_results/forest-experiment-v7/runs/FOREST-17/sgp4_L+n/prefix-10/omit-01/states.parquet,54a7d7e5028236095167f58bbf033b066ab5db36e3ef4f6ae1b9fc0b2228d172,adad698d40657999b8b774705fed58b211e743ad5178b5ae764704bbc3c54e08,1777898324.0,1777894740.0,1777898280.0
7,FOREST-17,sgp4_L+n,24,1777808324.0,1777894724.0,10,1777866765.0,16.23361111111111,7.766388888888889,6569e3a1-7aa1-4ff3-a2c0-cd1cd88fd85a,True,True,complete,60,12.794086395920983,,../raw_results/forest-experiment-v7/runs/FOREST-17/sgp4_L+n/prefix-10/omit-02/run.json,../raw_results/forest-experiment-v7/runs/FOREST-17/sgp4_L+n/prefix-10/omit-02/states.parquet,b716246fc1ad7edb82a1b6eb6d2f4c4ad6c89e88fa56b8a316f7593002e9c0e9,34f45a9fcef40a35239748327e02a29bdb3ad3104f5190e29213ee023bdbaee9,1777898324.0,1777894740.0,1777898280.0
7,FOREST-17,sgp4_L+n,24,1777808324.0,1777894724.0,10,1777866765.0,16.23361111111111,7.766388888888889,5233c319-41fd-4896-847f-112ddfe9c56d,True,True,complete,60,13.554301108057386,,../raw_results/forest-experiment-v7/runs/FOREST-17/sgp4_L+n/prefix-10/omit-03/run.json,../raw_results/forest-experiment-v7/runs/FOREST-17/sgp4_L+n/prefix-10/omit-03/states.parquet,798d1ea31019fabeab60b50edc1f2a4a9d089ecedc8158472aa2387c9dedb015,ae53f47f3eb42b08ff54e26d389baf3c284cf82291ef6a864b7be7a35b1f7036,1777898324.0,1777894740.0,1777898280.0
7,FOREST-17,sgp4_L+n,24,1777808324.0,1777894724.0,10,1777866765.0,16.23361111111111,7.766388888888889,74df0163-cf66-41f9-b960-409fca756c93,True,True,complete,60,11.195852488944357,,../raw_results/forest-experiment-v7/runs/FOREST-17/sgp4_L+n/prefix-10/omit-04/run.json,../raw_results/forest-experiment-v7/runs/FOREST-17/sgp4_L+n/prefix-10/omit-04/states.parquet,601463c6bad6d0fa228399e72d3904ab47eedcc8e106b03f6bb2d940740fd267,40de489b17fa2a860d25b9d720335c59badfe9f87fd92ce8d4db5b3dfefb2b6b,1777898324.0,1777894740.0,1777898280.0
7,FOREST-17,sgp4_L+n,24,1777808324.0,1777894724.0,10,1777866765.0,16.23361111111111,7.766388888888889,2610bd5f-3a3f-4756-be38-d31392d4324c,True,True,complete,60,8.823185650911945,,../raw_results/forest-experiment-v7/runs/FOREST-17/sgp4_L+n/prefix-10/omit-05/run.json,../raw_results/forest-experiment-v7/runs/FOREST-17/sgp4_L+n/prefix-10/omit-05/states.parquet,d457825c79059093b95c8554e45a27af170dc6ceffc0a63c7a957777da097d29,f4b0c0d924abdec03d412e60bbe0213f1d6d683f5590d21bd78b311ba77c92db,1777898324.0,1777894740.0,1777898280.0
7,FOREST-17,sgp4_L+n,24,1777808324.0,1777894724.0,10,1777866765.0,16.23361111111111,7.766388888888889,36c92afa-8853-4630-a788-ad2e63912d51,True,True,complete,60,8.840345552860047,,../raw_results/forest-experiment-v7/runs/FOREST-17/sgp4_L+n/prefix-10/omit-06/run.json,../raw_results/forest-experiment-v7/runs/FOREST-17/sgp4_L+n/prefix-10/omit-06/states.parquet,8508c8e79ecdcaea001a60714a2ec23c0047149bf3860eb28f8630a91d7c9c92,f6b7c8e2fd547f495d3a6a485205e3cbed6432edc32cb93a5aa3f100abecdc15,1777898324.0,1777894740.0,1777898280.0
7,FOREST-17,sgp4_L+n,24,1777808324.0,1777894724.0,10,1777866765.0,16.23361111111111,7.766388888888889,d61bfc77-1d1c-4e82-91fd-6e7489e73cb3,True,True,complete,60,11.272201492327547,,../raw_results/forest-experiment-v7/runs/FOREST-17/sgp4_L+n/prefix-10/omit-07/run.json,../raw_results/forest-experiment-v7/runs/FOREST-17/sgp4_L+n/prefix-10/omit-07/states.parquet,9f3bbcb01f4e0646526d073c3002e0b4af8f45c209c6acf633c92132b5803a5d,12b1b1b4522200f891e492f428b83247143766fd96c97eaec1ae532bd9e215b7,1777898324.0,1777894740.0,1777898280.0
7,FOREST-17,sgp4_L+n,24,1777808324.0,1777894724.0,10,1777866765.0,16.23361111111111,7.766388888888889,d623db96-56fd-4783-9f1e-bf3933f4dbd8,True,True,complete,60,11.3484786471508,,../raw_results/forest-experiment-v7/runs/FOREST-17/sgp4_L+n/prefix-10/omit-08/run.json,../raw_results/forest-experiment-v7/runs/FOREST-17/sgp4_L+n/prefix-10/omit-08/states.parquet,cba924a492380b1022f0169f24b4d656fbb2d229c6114cff916e9721aaa2180d,a94b5c9833eec659745e19b85f3a20bfbf2b0ba5de2bac853904a2377248d081,1777898324.0,1777894740.0,1777898280.0
7,FOREST-17,sgp4_L+n,24,1777808324.0,1777894724.0,10,1777866765.0,16.23361111111111,7.766388888888889,01448cbd-3659-4184-89c2-7883e4a3c6c7,True,True,complete,60,11.157106523510054,,../raw_results/forest-experiment-v7/runs/FOREST-17/sgp4_L+n/prefix-10/omit-09/run.json,../raw_results/forest-experiment-v7/runs/FOREST-17/sgp4_L+n/prefix-10/omit-09/states.parquet,e7bfd0a0f66e938bd3709e4ae38568ae475182a87ffd1c5e354807d8f3fe12db,28ba95488585fabb0fbd3c2c144a669b6a173a9c6729301632a6bffcc5adb6c1,1777898324.0,1777894740.0,1777898280.0
7,FOREST-17,sgp4_L+n,24,1777808324.0,1777894724.0,10,1777866765.0,16.23361111111111,7.766388888888889,9303555b-beda-4b39-ac33-b6df9a7e9952,True,True,complete,60,10.639435971987254,,../raw_results/forest-experiment-v7/runs/FOREST-17/sgp4_L+n/prefix-10/omit-10/run.json,../raw_results/forest-experiment-v7/runs/FOREST-17/sgp4_L+n/prefix-10/omit-10/states.parquet,28fc374618330c0d9a7a03d5bda747123c261595729f1af2ad5b9def2a323282,697552b7f3420e0c4e15f1c5b4b75fb927428971c3ff8493b85199b5b96d69ce,1777898324.0,1777894740.0,1777898280.0
7,FOREST-18,sgp4_L+n,24,1777818158.0,1777904558.0,10,1777868920.0,14.100555555555555,9.899444444444445,,True,True,complete,60,6.390407035898267,,../raw_results/forest-experiment-v7/runs/FOREST-18/sgp4_L+n/prefix-10/omit-00/run.json,../raw_results/forest-experiment-v7/runs/FOREST-18/sgp4_L+n/prefix-10/omit-00/states.parquet,da6a694fac10856526af1deef4d498c70e42295db80de50c252276c20f03b7de,1220f0bf2b1b6f011584143cdd87be2986e84c0edfda904d16dcc2124df72e26,1777908158.0,1777904580.0,1777908120.0
7,FOREST-18,sgp4_L+n,24,1777818158.0,1777904558.0,10,1777868920.0,14.100555555555555,9.899444444444445,b2015720-f0bb-48e7-b19a-131a592c9501,True,True,complete,60,6.835973540522767,,../raw_results/forest-experiment-v7/runs/FOREST-18/sgp4_L+n/prefix-10/omit-01/run.json,../raw_results/forest-experiment-v7/runs/FOREST-18/sgp4_L+n/prefix-10/omit-01/states.parquet,f610daf23599b7c6b95b4de0abe213a11be1fddbe8650ebb2797b73fc1fdc626,f946aff7a1e69f913deced4c82661dcaed2a5606e89805f856947a22a44e86da,1777908158.0,1777904580.0,1777908120.0
7,FOREST-18,sgp4_L+n,24,1777818158.0,1777904558.0,10,1777868920.0,14.100555555555555,9.899444444444445,49e74a6c-b21d-46c0-87bb-e4195b4a0dab,True,True,complete,60,10.514344377230923,,../raw_results/forest-experiment-v7/runs/FOREST-18/sgp4_L+n/prefix-10/omit-02/run.json,../raw_results/forest-experiment-v7/runs/FOREST-18/sgp4_L+n/prefix-10/omit-02/states.parquet,7c2ce7ed19af18e92c646bedf0a0b55f325dfcd9044086ec2d00d1fa877f263c,f28cd7909eda5fc10dbdaf18e072ea2da1e433cab9a521143b8f2b48bde36c81,1777908158.0,1777904580.0,1777908120.0
7,FOREST-18,sgp4_L+n,24,1777818158.0,1777904558.0,10,1777868920.0,14.100555555555555,9.899444444444445,6c22b929-f451-4e3f-bc5d-fc4e230c6c02,True,True,complete,60,6.459827559962099,,../raw_results/forest-experiment-v7/runs/FOREST-18/sgp4_L+n/prefix-10/omit-03/run.json,../raw_results/forest-experiment-v7/runs/FOREST-18/sgp4_L+n/prefix-10/omit-03/states.parquet,7bd0e1ef0773053207d4dc441598353e157f6e453bc67d4fd972d4c3422df58e,3c6ddb33b65b3c2b1ba4f749eebc4bc3e48732a500f214f3264af690c534ad28,1777908158.0,1777904580.0,1777908120.0
7,FOREST-18,sgp4_L+n,24,1777818158.0,1777904558.0,10,1777868920.0,14.100555555555555,9.899444444444445,48de3125-1fd3-40df-be87-5fc55aa2485f,True,True,complete,60,0.2298247194699056,,../raw_results/forest-experiment-v7/runs/FOREST-18/sgp4_L+n/prefix-10/omit-04/run.json,../raw_results/forest-experiment-v7/runs/FOREST-18/sgp4_L+n/prefix-10/omit-04/states.parquet,e03fccc602831a895a753d096e6723e459bebea78da095af2b43a74d9be93e0a,ccdf240acc287b02a8e73d9ba1a2a3f84dc3bafe2e904b957d74c564c664951b,1777908158.0,1777904580.0,1777908120.0
7,FOREST-18,sgp4_L+n,24,1777818158.0,1777904558.0,10,1777868920.0,14.100555555555555,9.899444444444445,2735b79f-1ae2-4be6-9b13-774d026efd72,True,True,complete,60,6.35872313251589,,../raw_results/forest-experiment-v7/runs/FOREST-18/sgp4_L+n/prefix-10/omit-05/run.json,../raw_results/forest-experiment-v7/runs/FOREST-18/sgp4_L+n/prefix-10/omit-05/states.parquet,17d17852b44ec89ea7dee6acd9e624c18b9fa13fcf0f28eba1ed365173f36978,c6355edfb94bbfb46947f1ae82bc3fcc1b09a36d192822b0fc708c545dcc6dac,1777908158.0,1777904580.0,1777908120.0
7,FOREST-18,sgp4_L+n,24,1777818158.0,1777904558.0,10,1777868920.0,14.100555555555555,9.899444444444445,7654ef67-7aba-4f18-bf0a-65eacc1b6a22,True,True,complete,60,4.774244136519476,,../raw_results/forest-experiment-v7/runs/FOREST-18/sgp4_L+n/prefix-10/omit-06/run.json,../raw_results/forest-experiment-v7/runs/FOREST-18/sgp4_L+n/prefix-10/omit-06/states.parquet,e461e7c007846b43d81399e21ce6181083b2903c8fd47cb4daf0bc1da8fef34a,40f6af5571b0c7f2af2cb394970af0c15f6624f95cab368c362253afea117cab,1777908158.0,1777904580.0,1777908120.0
7,FOREST-18,sgp4_L+n,24,1777818158.0,1777904558.0,10,1777868920.0,14.100555555555555,9.899444444444445,105f1f16-870e-4658-9a38-41c74ea5939c,True,True,complete,60,6.148350769871514,,../raw_results/forest-experiment-v7/runs/FOREST-18/sgp4_L+n/prefix-10/omit-07/run.json,../raw_results/forest-experiment-v7/runs/FOREST-18/sgp4_L+n/prefix-10/omit-07/states.parquet,264900442db100b8d172c30c2fd0edba5f49aafda5a2ec9ced3cd9c084d7b571,544f29765ce1cb5291dca92e13e966d181adf12fad8cead37a4225b8720ea546,1777908158.0,1777904580.0,1777908120.0
7,FOREST-18,sgp4_L+n,24,1777818158.0,1777904558.0,10,1777868920.0,14.100555555555555,9.899444444444445,8db51bff-de04-4287-b3c8-4f949e7a8df1,True,True,complete,60,6.523107741585643,,../raw_results/forest-experiment-v7/runs/FOREST-18/sgp4_L+n/prefix-10/omit-08/run.json,../raw_results/forest-experiment-v7/runs/FOREST-18/sgp4_L+n/prefix-10/omit-08/states.parquet,0a672bf25b812d7172e405b2ae267ea2dfc405215d1b727bbdc2f0d21d25a748,3b2bd452ed9c10284dbef73e207dbdf2ff3a7512546c32c371968b13a2e75f2a,1777908158.0,1777904580.0,1777908120.0
7,FOREST-18,sgp4_L+n,24,1777818158.0,1777904558.0,10,1777868920.0,14.100555555555555,9.899444444444445,7f6f30f5-0820-469d-9ab6-71b9523e8939,True,True,complete,60,1.017184748148959,,../raw_results/forest-experiment-v7/runs/FOREST-18/sgp4_L+n/prefix-10/omit-09/run.json,../raw_results/forest-experiment-v7/runs/FOREST-18/sgp4_L+n/prefix-10/omit-09/states.parquet,af63f5111adee562ae8b971d0b394483906f60c4204b5be7675470aeef7f44dd,154f7401d888030400cb2c9311f975a2f6eabc9df6d455df71cb42fdcc2930fc,1777908158.0,1777904580.0,1777908120.0
7,FOREST-18,sgp4_L+n,24,1777818158.0,1777904558.0,10,1777868920.0,14.100555555555555,9.899444444444445,4d451626-a662-4148-8369-abbcd6001b6a,True,True,complete,60,9.06739094173676,,../raw_results/forest-experiment-v7/runs/FOREST-18/sgp4_L+n/prefix-10/omit-10/run.json,../raw_results/forest-experiment-v7/runs/FOREST-18/sgp4_L+n/prefix-10/omit-10/states.parquet,3296eb410464c253c911c93c9ab9255f8e88e57caa7f10dab1eaccd88cd79f29,449f4c76a1fad14f550957d24cbe1fb1074e083c37f1fa65c6b0d4d6bd5e9ede,1777908158.0,1777904580.0,1777908120.0
7,FOREST-19,sgp4_L+n,24,1777804965.0,1777891365.0,11,1777872410.0,18.73472222222222,5.2652777777777775,,True,True,complete,60,3.0226635461106603,,../raw_results/forest-experiment-v7/runs/FOREST-19/sgp4_L+n/prefix-11/omit-00/run.json,../raw_results/forest-experiment-v7/runs/FOREST-19/sgp4_L+n/prefix-11/omit-00/states.parquet,930143b9c8fb6e68ac678a1a866d3cb41ab3241516ffd7783b541f7125e8294f,38523c54e2e1612b89a72be8dca3fd51017fab04152e26f334fdeb1f2b8215ee,1777894965.0,1777891380.0,1777894920.0
7,FOREST-19,sgp4_L+n,24,1777804965.0,1777891365.0,11,1777872410.0,18.73472222222222,5.2652777777777775,28e194fe-197d-4ec1-b4e4-c206bc5ebb54,True,True,complete,60,3.044205663176904,,../raw_results/forest-experiment-v7/runs/FOREST-19/sgp4_L+n/prefix-11/omit-01/run.json,../raw_results/forest-experiment-v7/runs/FOREST-19/sgp4_L+n/prefix-11/omit-01/states.parquet,78ef1aaca66f641d8db84b7ffe36d9fbd33a8d0abf735fe3853d19d011994b14,4d3605ca71b0f9e61e4eca6eb176c685a47d62fa9bfae4a34627133e55b154e6,1777894965.0,1777891380.0,1777894920.0
7,FOREST-19,sgp4_L+n,24,1777804965.0,1777891365.0,11,1777872410.0,18.73472222222222,5.2652777777777775,a22fbafe-9e67-4eb3-b02b-7f108aa1b80b,True,True,complete,60,0.8048691030492685,,../raw_results/forest-experiment-v7/runs/FOREST-19/sgp4_L+n/prefix-11/omit-02/run.json,../raw_results/forest-experiment-v7/runs/FOREST-19/sgp4_L+n/prefix-11/omit-02/states.parquet,8bd62f89da498eea47679be593d1f93889069d0dac8438d082112fae00360f78,05fba3526dbc2bac5591e55517231b56d51a548b0fddd285f6023b8bf9f4031d,1777894965.0,1777891380.0,1777894920.0
7,FOREST-19,sgp4_L+n,24,1777804965.0,1777891365.0,11,1777872410.0,18.73472222222222,5.2652777777777775,f80c6227-6cc9-441f-ae4f-13c37b361b00,True,True,complete,60,2.746127736998123,,../raw_results/forest-experiment-v7/runs/FOREST-19/sgp4_L+n/prefix-11/omit-03/run.json,../raw_results/forest-experiment-v7/runs/FOREST-19/sgp4_L+n/prefix-11/omit-03/states.parquet,db416e6cb35f397d80c9de4d97ac2378d3f22ee81cf7e3f364a0df99c4bc13d8,ee723934056c372b7b7ddfaae781266c935be552afdc53075bdc4746b038ffb4,1777894965.0,1777891380.0,1777894920.0
7,FOREST-19,sgp4_L+n,24,1777804965.0,1777891365.0,11,1777872410.0,18.73472222222222,5.2652777777777775,2e914640-332d-4846-8126-0c7d58e2a568,True,True,complete,60,3.114695175965333,,../raw_results/forest-experiment-v7/runs/FOREST-19/sgp4_L+n/prefix-11/omit-04/run.json,../raw_results/forest-experiment-v7/runs/FOREST-19/sgp4_L+n/prefix-11/omit-04/states.parquet,d32a4730bbfa8973415c75cd9be373720856259c967c3992c0fceae005b5edc0,49da2e292ef66abc99f235e49dfb98f3f8ededc4cbf6f98eb9926d9285c3cd6a,1777894965.0,1777891380.0,1777894920.0
7,FOREST-19,sgp4_L+n,24,1777804965.0,1777891365.0,11,1777872410.0,18.73472222222222,5.2652777777777775,399cf06a-3730-4818-8f75-270388e8fd0a,True,True,complete,60,2.9810349356966763,,../raw_results/forest-experiment-v7/runs/FOREST-19/sgp4_L+n/prefix-11/omit-05/run.json,../raw_results/forest-experiment-v7/runs/FOREST-19/sgp4_L+n/prefix-11/omit-05/states.parquet,6a65abfc23c942bb82d038b91008fde1cfbfcf534c30860c76fa3b547e89b6bf,01fb715631f00c9e7fcbce0444840db150765f096d71f23bfb01cae422f6a368,1777894965.0,1777891380.0,1777894920.0
7,FOREST-19,sgp4_L+n,24,1777804965.0,1777891365.0,11,1777872410.0,18.73472222222222,5.2652777777777775,d2af3474-5932-431d-ae42-c7ce901c93ba,True,True,complete,60,3.9815155228565766,,../raw_results/forest-experiment-v7/runs/FOREST-19/sgp4_L+n/prefix-11/omit-06/run.json,../raw_results/forest-experiment-v7/runs/FOREST-19/sgp4_L+n/prefix-11/omit-06/states.parquet,b33e1b1420f26e73ae64e2ac7dcf2c5d34130ab09c0702a568581770b12b0e2c,ee3df8c716f6b2e364091d570be5393806a33d64e33771b7b5feddb634058aaf,1777894965.0,1777891380.0,1777894920.0
7,FOREST-19,sgp4_L+n,24,1777804965.0,1777891365.0,11,1777872410.0,18.73472222222222,5.2652777777777775,5d035d45-52f9-4d77-86fa-7e4917f23992,True,True,complete,60,3.073710118379081,,../raw_results/forest-experiment-v7/runs/FOREST-19/sgp4_L+n/prefix-11/omit-07/run.json,../raw_results/forest-experiment-v7/runs/FOREST-19/sgp4_L+n/prefix-11/omit-07/states.parquet,1945a5e80d3f88b2e3d9f65ccb81acbc92c109e0554a32d21c1affda2a414327,637ecbf5845c2f85f97c942c8ebea02ec83bcc1aabbdae7659dbd7bd639bbd47,1777894965.0,1777891380.0,1777894920.0
7,FOREST-19,sgp4_L+n,24,1777804965.0,1777891365.0,11,1777872410.0,18.73472222222222,5.2652777777777775,8c5807c9-daa1-4957-a3a5-2711acfae882,True,True,complete,60,3.0225156774449395,,../raw_results/forest-experiment-v7/runs/FOREST-19/sgp4_L+n/prefix-11/omit-08/run.json,../raw_results/forest-experiment-v7/runs/FOREST-19/sgp4_L+n/prefix-11/omit-08/states.parquet,a4e919376bcc95f232199a37328d6792cbd29756449e812ba42ccbafb9f5d7c5,17934f175bdb7db22bcb41799e1a2a5942533a19aec6b90250d0b3a4171c6760,1777894965.0,1777891380.0,1777894920.0
7,FOREST-19,sgp4_L+n,24,1777804965.0,1777891365.0,11,1777872410.0,18.73472222222222,5.2652777777777775,df2618ab-46b7-49bb-a148-ea9f89466869,True,True,complete,60,2.875006403949673,,../raw_results/forest-experiment-v7/runs/FOREST-19/sgp4_L+n/prefix-11/omit-09/run.json,../raw_results/forest-experiment-v7/runs/FOREST-19/sgp4_L+n/prefix-11/omit-09/states.parquet,962d908047dc6feafd8fc3da51a02c4d14004d0ed3e6cf3f628013d4580ac1d9,255f072ceacec90dbf7654b015f2c5da486a1ad8c16e6ba14a8283ab173c134e,1777894965.0,1777891380.0,1777894920.0
7,FOREST-19,sgp4_L+n,24,1777804965.0,1777891365.0,11,1777872410.0,18.73472222222222,5.2652777777777775,c862d412-bfa6-4ff1-bd12-935e690521fb,True,True,complete,60,3.0221700390131856,,../raw_results/forest-experiment-v7/runs/FOREST-19/sgp4_L+n/prefix-11/omit-10/run.json,../raw_results/forest-experiment-v7/runs/FOREST-19/sgp4_L+n/prefix-11/omit-10/states.parquet,cd8c66da13db07d6f638407e23a1cfa67e5bd21b7da76e1afe655a37e780a131,6a1ed62b02d91e720b85798d2b88a493b0f8a100de3f36b4eef0b4b28ae7d9f6,1777894965.0,1777891380.0,1777894920.0
7,FOREST-19,sgp4_L+n,24,1777804965.0,1777891365.0,11,1777872410.0,18.73472222222222,5.2652777777777775,e629dfe8-8210-4af9-a61d-f02b5377a4fd,True,True,complete,60,7.1744900503032385,,../raw_results/forest-experiment-v7/runs/FOREST-19/sgp4_L+n/prefix-11/omit-11/run.json,../raw_results/forest-experiment-v7/runs/FOREST-19/sgp4_L+n/prefix-11/omit-11/states.parquet,571c48cd3cd7c0bad7dbf191935664a68d4329132796397c353e5e450f952f21,c825a0b8b5af80dbeeb24adb1072a766e1d6b9c705a4cce4d1587fc82b002b37,1777894965.0,1777891380.0,1777894920.0
