satellite,contact_id,station,start_utc_s,end_utc_s,observations,ukf_updates,ukf_rejected,ukf_healthy,ukf_offset_s,ukf_offset_std_s,ukf_frequency_bias_hz,batch_offset_s,batch_offset_std_s,batch_frequency_bias_hz,batch_condition,forecasts,in_pass_prior_fixes,in_pass_prior_best_km,in_pass_prior_median_km,in_pass_prior_p90_km,in_pass_prior_worst_km,in_pass_prior_rms_km,in_pass_ukf_fixes,in_pass_ukf_best_km,in_pass_ukf_median_km,in_pass_ukf_p90_km,in_pass_ukf_worst_km,in_pass_ukf_rms_km,in_pass_batch_fixes,in_pass_batch_best_km,in_pass_batch_median_km,in_pass_batch_p90_km,in_pass_batch_worst_km,in_pass_batch_rms_km
FOREST-16,e5d79f0b-730b-4832-becf-f716d7322784,PUNTA_ARENAS,1777822935.405285,1777823399.655731,340,151,189,True,1.1814972015460015,0.31253491476815237,492.4136237941566,3.769913010115185,16.277293539653076,975.1382997580841,145191.72847068452,"({'lower_h': 0, 'upper_h': 1, 'prior': {'fixes': 46, 'best_km': 9.178449265283234, 'median_km': 9.402569953502326, 'p90_km': 10.231331225035328, 'worst_km': 10.822667305424703, 'rms_km': 9.609520549892961}, 'ukf': {'fixes': 46, 'best_km': 0.2546348260234183, 'median_km': 0.6186482022012734, 'p90_km': 1.373300346962878, 'worst_km': 1.899487761757662, 'rms_km': 0.8846087165392507}, 'batch': {'fixes': 46, 'best_km': 17.699553071887653, 'median_km': 19.12608264786984, 'p90_km': 19.314892737983783, 'worst_km': 19.321243595848788, 'rms_km': 18.925490437041773}}, {'lower_h': 1, 'upper_h': 3, 'prior': {'fixes': 81, 'best_km': 10.152652764783278, 'median_km': 10.978913213002265, 'p90_km': 12.17818101649495, 'worst_km': 12.220302162699406, 'rms_km': 11.21773703730056}, 'ukf': {'fixes': 81, 'best_km': 1.2390986755707456, 'median_km': 2.140667456201885, 'p90_km': 3.2487617367827757, 'worst_km': 3.2915381582454013, 'rms_km': 2.4102746270189264}, 'batch': {'fixes': 81, 'best_km': 16.305401440973863, 'median_km': 17.571543333379708, 'p90_km': 18.267899910467165, 'worst_km': 18.346830955383723, 'rms_km': 17.32961356036694}}, {'lower_h': 3, 'upper_h': 6, 'prior': {'fixes': 113, 'best_km': 11.210334310193296, 'median_km': 12.75925820460742, 'p90_km': 15.177737538189819, 'worst_km': 15.325847120377157, 'rms_km': 12.91388684925723}, 'ukf': {'fixes': 113, 'best_km': 2.286864007019398, 'median_km': 3.8413251578042042, 'p90_km': 6.249177218943214, 'worst_km': 6.389625173484278, 'rms_km': 4.141912260100312}, 'batch': {'fixes': 113, 'best_km': 13.194653435868535, 'median_km': 15.713341435862278, 'p90_km': 17.204760695660568, 'worst_km': 17.265624461186626, 'rms_km': 15.710086889392398}}, {'lower_h': 6, 'upper_h': 12, 'prior': {'fixes': 285, 'best_km': 14.615165318616874, 'median_km': 18.963150520063206, 'p90_km': 20.965550542727655, 'worst_km': 21.191577364220098, 'rms_km': 18.265795938991864}, 'ukf': {'fixes': 285, 'best_km': 5.694959044337549, 'median_km': 10.037214339680967, 'p90_km': 12.04068464371603, 'worst_km': 12.264759876346059, 'rms_km': 9.459314533759382}, 'batch': {'fixes': 285, 'best_km': 7.296211596827139, 'median_km': 9.521020718467515, 'p90_km': 13.59802077819235, 'worst_km': 13.850812019591764, 'rms_km': 10.576147049838891}}, {'lower_h': 12, 'upper_h': 24, 'prior': {'fixes': 466, 'best_km': 21.487001820404238, 'median_km': 24.867214148126777, 'p90_km': 28.805620397919228, 'worst_km': 30.384199859306598, 'rms_km': 25.52064610894348}, 'ukf': {'fixes': 466, 'best_km': 12.555883455185523, 'median_km': 15.939932693946929, 'p90_km': 19.878031709691903, 'worst_km': 21.458043552039534, 'rms_km': 16.670177607545675}, 'batch': {'fixes': 466, 'best_km': 0.27211721735596417, 'median_km': 3.620365613387334, 'p90_km': 6.426858495105964, 'worst_km': 7.012456437747139, 'rms_km': 4.136996884914932}})",6,9.26015260610771,9.31043794724118,9.34389351338773,9.349453172377542,9.309157091961433,6,0.35672968179725595,0.42515229694474665,0.4665229035969834,0.47479987264193163,0.4242715752578995,6,19.111577228052983,19.15448168944773,19.197331108659277,19.212496734974536,19.15656963498469
FOREST-16,33061519-fa11-49e4-becd-6c770efd6e11,SVALSAT,1777854410.187208,1777854992.536875,475,230,245,True,1.9676078039449578,0.35013874575045695,574.2340608292889,2.281825855467873,5.926269728652212,648.128327219715,175241.17886190343,"({'lower_h': 0, 'upper_h': 1, 'prior': {'fixes': 58, 'best_km': 18.657353864350117, 'median_km': 19.054234531141695, 'p90_km': 19.17573360369286, 'worst_km': 19.183886783973314, 'rms_km': 19.04609501169843}, 'ukf': {'fixes': 58, 'best_km': 3.790622365559114, 'median_km': 4.19496548123222, 'p90_km': 4.308671101067975, 'worst_km': 4.315740797370757, 'rms_km': 4.18298301908263}, 'batch': {'fixes': 58, 'best_km': 1.4490965286200295, 'median_km': 1.825593875424298, 'p90_km': 1.9354066737952849, 'worst_km': 1.9422314911721819, 'rms_km': 1.8155466945671248}}, {'lower_h': 1, 'upper_h': 3, 'prior': {'fixes': 93, 'best_km': 18.994572771592743, 'median_km': 20.73820514808194, 'p90_km': 21.164612348943372, 'worst_km': 21.191577364220098, 'rms_km': 20.528246371450994}, 'ukf': {'fixes': 93, 'best_km': 4.123583583796362, 'median_km': 5.881105222237403, 'p90_km': 6.297461047520197, 'worst_km': 6.326215833178979, 'rms_km': 5.692970613695757}, 'batch': {'fixes': 93, 'best_km': 1.7512019777004069, 'median_km': 3.5093233551056464, 'p90_km': 3.9245203084564357, 'worst_km': 3.9536017723284016, 'rms_km': 3.3539197525703397}}, {'lower_h': 3, 'upper_h': 6, 'prior': {'fixes': 101, 'best_km': 21.487001820404238, 'median_km': 22.081910152607467, 'p90_km': 22.37454392408898, 'worst_km': 22.38895541414413, 'rms_km': 22.05675009246965}, 'ukf': {'fixes': 101, 'best_km': 6.613886504312058, 'median_km': 7.215742197906359, 'p90_km': 7.514890196545875, 'worst_km': 7.530787006950974, 'rms_km': 7.200555971691994}, 'batch': {'fixes': 101, 'best_km': 4.239181032764963, 'median_km': 4.843826852472555, 'p90_km': 5.147476693610541, 'worst_km': 5.161349272083377, 'rms_km': 4.832633547385382}}, {'lower_h': 6, 'upper_h': 12, 'prior': {'fixes': 277, 'best_km': 22.23067101778984, 'median_km': 24.89705362672077, 'p90_km': 28.476620946147257, 'worst_km': 28.817201457121065, 'rms_km': 25.499650715758634}, 'ukf': {'fixes': 277, 'best_km': 7.349580459732592, 'median_km': 10.029434299178057, 'p90_km': 13.61094027311892, 'worst_km': 13.950561279246916, 'rms_km': 10.732545321498327}, 'batch': {'fixes': 277, 'best_km': 4.97363315046869, 'median_km': 7.655135483459087, 'p90_km': 11.23726912349241, 'worst_km': 11.576622166012516, 'rms_km': 8.408188264807631}}, {'lower_h': 12, 'upper_h': 24, 'prior': {'fixes': 385, 'best_km': 27.78329462102009, 'median_km': 31.73534250569351, 'p90_km': 34.20774061109322, 'worst_km': 35.06209122380938, 'rms_km': 31.65309476997284}, 'ukf': {'fixes': 385, 'best_km': 12.904068403649175, 'median_km': 16.87897808167549, 'p90_km': 19.35703737227646, 'worst_km': 20.182159695360532, 'rms_km': 16.831194572906327}, 'batch': {'fixes': 385, 'best_km': 10.527889804159948, 'median_km': 14.507261093043022, 'p90_km': 16.985474825580557, 'worst_km': 17.80617254426438, 'rms_km': 14.473529601060111}})",1,18.16635229061981,18.16635229061981,18.16635229061981,18.16635229061981,18.16635229061981,1,3.3115142656834515,3.3115142656834515,3.3115142656834515,3.3115142656834515,3.3115142656834515,1,1.014236929240361,1.014236929240361,1.014236929240361,1.014236929240361,1.014236929240361
FOREST-16,556b1cfa-0a8e-4d19-8f95-b123fd47cd60,PUNTA_ARENAS,1777862359.219744,1777862996.5238569,401,255,146,True,2.813529245935328,0.2992127810608364,499.0320051380695,3.1978744909512105,10.0591781165615,729.813210916192,290630.6147547256,"({'lower_h': 0, 'upper_h': 1, 'prior': {'fixes': 41, 'best_km': 20.588725380253184, 'median_km': 20.692546852180648, 'p90_km': 20.94135364868276, 'worst_km': 21.03196954288967, 'rms_km': 20.730562680323107}, 'ukf': {'fixes': 41, 'best_km': 0.2755956499229529, 'median_km': 0.6246070348959425, 'p90_km': 0.6853915564370369, 'worst_km': 0.6902370684153273, 'rms_km': 0.5776201194402859}, 'batch': {'fixes': 41, 'best_km': 3.1119298535536393, 'median_km': 3.488480227071654, 'p90_km': 3.5852063675762538, 'worst_km': 3.5908532314180057, 'rms_km': 3.442108292275516}}, {'lower_h': 1, 'upper_h': 3, 'prior': {'fixes': 55, 'best_km': 21.487001820404238, 'median_km': 21.93475491078761, 'p90_km': 22.079564958102953, 'worst_km': 22.380750140833076, 'rms_km': 21.875831232461504}, 'ukf': {'fixes': 55, 'best_km': 0.24782449863510164, 'median_km': 0.7500446955202907, 'p90_km': 0.8751250909453403, 'worst_km': 1.1423377831685069, 'rms_km': 0.7232835571449311}, 'batch': {'fixes': 55, 'best_km': 1.8067022520374463, 'median_km': 2.2650188290618525, 'p90_km': 2.6204576071970838, 'worst_km': 2.6897757102824817, 'rms_km': 2.318781819508093}}, {'lower_h': 3, 'upper_h': 6, 'prior': {'fixes': 142, 'best_km': 22.179918930986506, 'median_km': 23.021658452801304, 'p90_km': 23.96495519914429, 'worst_km': 24.601708657843936, 'rms_km': 22.97688359314621}, 'ukf': {'fixes': 142, 'best_km': 0.9191666445973622, 'median_km': 1.764464797455322, 'p90_km': 2.713937614010538, 'worst_km': 3.3314390478677307, 'rms_km': 1.8359818610891667}, 'batch': {'fixes': 142, 'best_km': 0.41416481398568217, 'median_km': 1.1633486240184254, 'p90_km': 1.9796068420643644, 'worst_km': 2.001785430998992, 'rms_km': 1.381100217249349}}, {'lower_h': 6, 'upper_h': 12, 'prior': {'fixes': 269, 'best_km': 24.38517780296357, 'median_km': 27.417392707235955, 'p90_km': 30.083964426976543, 'worst_km': 30.384199859306598, 'rms_km': 27.41800448992166}, 'ukf': {'fixes': 269, 'best_km': 3.125347880554063, 'median_km': 6.160049693769896, 'p90_km': 8.826969415561946, 'worst_km': 9.128924119902939, 'rms_km': 6.345177436091569}, 'batch': {'fixes': 269, 'best_km': 0.22588811380599483, 'median_km': 3.2798914122761396, 'p90_km': 5.927190027431244, 'worst_km': 6.225480505929529, 'rms_km': 3.642366136472454}}, {'lower_h': 12, 'upper_h': 24, 'prior': {'fixes': 398, 'best_km': 30.466697778697565, 'median_km': 32.75699538327339, 'p90_km': 35.916927821825645, 'worst_km': 37.06949836077127, 'rms_km': 33.349962029043766}, 'ukf': {'fixes': 398, 'best_km': 9.201022063353168, 'median_km': 11.508530213685198, 'p90_km': 14.654402924875033, 'worst_km': 15.80710711331122, 'rms_km': 12.185914702734497}, 'batch': {'fixes': 398, 'best_km': 6.296592246275229, 'median_km': 8.605957603868982, 'p90_km': 11.749082214846755, 'worst_km': 12.902919812654376, 'rms_km': 9.330719411638018}})",11,21.0522682879553,21.1402658435308,21.182288198950726,21.189055952485088,21.13257476311278,11,0.19419702357596527,0.20939862382425153,0.2464166178131751,0.2610715708208707,0.2174246809008289,11,2.9777016548569284,3.0134594820856644,3.073058180816452,3.0926774182129617,3.022255716084392
FOREST-17,2610bd5f-3a3f-4756-be38-d31392d4324c,HARTEBEESTHOEK,1777838643.162277,1777839239.537732,349,209,140,True,-1.1785155271231176,0.40307821660858456,-45.29541613797551,-4.135700742514523,26.051026470988646,-929.9002638182717,604249.1232121213,"({'lower_h': 0, 'upper_h': 1, 'prior': {'fixes': 53, 'best_km': 6.216903713461931, 'median_km': 6.32384371346252, 'p90_km': 6.60554607618064, 'worst_km': 6.806343763096592, 'rms_km': 6.3719708809610225}, 'ukf': {'fixes': 53, 'best_km': 2.126483857378435, 'median_km': 2.5878010439090007, 'p90_km': 2.680129003433916, 'worst_km': 2.6893590699162875, 'rms_km': 2.5539696150364706}, 'batch': {'fixes': 53, 'best_km': 24.463149873126316, 'median_km': 24.91941047420866, 'p90_km': 25.02364380313473, 'worst_km': 25.03190939834304, 'rms_km': 24.884991100194362}}, {'lower_h': 1, 'upper_h': 3, 'prior': {'fixes': 77, 'best_km': 6.9321728194657, 'median_km': 7.232499393953578, 'p90_km': 7.755750054098805, 'worst_km': 8.286665064740536, 'rms_km': 7.324695919990952}, 'ukf': {'fixes': 77, 'best_km': 0.6348102416572555, 'median_km': 1.6938648582926985, 'p90_km': 1.8754103032291405, 'worst_km': 1.9975106259419169, 'rms_km': 1.6364824374033222}, 'batch': {'fixes': 77, 'best_km': 22.973127196036646, 'median_km': 24.014266310063547, 'p90_km': 24.215640867564396, 'worst_km': 24.33316988502615, 'rms_km': 23.93856912150977}}, {'lower_h': 3, 'upper_h': 6, 'prior': {'fixes': 144, 'best_km': 7.6183644780995134, 'median_km': 8.205967570071172, 'p90_km': 8.897780425004088, 'worst_km': 9.43270485130458, 'rms_km': 8.266987697639054}, 'ukf': {'fixes': 144, 'best_km': 0.10599392276773861, 'median_km': 0.7367959846213533, 'p90_km': 1.240369019999441, 'worst_km': 1.2920786118372884, 'rms_km': 0.807398417731692}, 'batch': {'fixes': 144, 'best_km': 21.84153808351357, 'median_km': 23.04135664412589, 'p90_km': 23.573231994614687, 'worst_km': 23.637557349442066, 'rms_km': 23.00139592032182}}, {'lower_h': 6, 'upper_h': 12, 'prior': {'fixes': 252, 'best_km': 8.937945551694922, 'median_km': 11.35259732959565, 'p90_km': 14.805928627261832, 'worst_km': 15.536451132308335, 'rms_km': 11.906107834816199}, 'ukf': {'fixes': 252, 'best_km': 0.12437998364382763, 'median_km': 2.460258373259699, 'p90_km': 5.911705075791686, 'worst_km': 6.632250796117522, 'rms_km': 3.4780939252404646}, 'batch': {'fixes': 252, 'best_km': 15.759476692018469, 'median_km': 19.90974888019111, 'p90_km': 22.073277746228364, 'worst_km': 22.285622822658368, 'rms_km': 19.62259691988015}}, {'lower_h': 12, 'upper_h': 24, 'prior': {'fixes': 385, 'best_km': 15.595480344244313, 'median_km': 18.19509052140558, 'p90_km': 25.817005246982816, 'worst_km': 27.138918194928358, 'rms_km': 20.569149530751204}, 'ukf': {'fixes': 385, 'best_km': 6.691358536550762, 'median_km': 9.291446646411059, 'p90_km': 16.913905063866736, 'worst_km': 18.232668820354686, 'rms_km': 11.932376716642862}, 'batch': {'fixes': 385, 'best_km': 4.1395914081162735, 'median_km': 13.06380637274841, 'p90_km': 14.835888822750208, 'worst_km': 15.700610014203367, 'rms_km': 11.673033515790825}})",7,6.383793246706338,6.3950857702494766,6.396628210653864,6.3971806995032185,6.392938487519892,7,2.523592957957982,2.5260399579638304,2.5354900059559413,2.540556291795792,2.5287911534925906,7,24.84922024332995,24.855799944780244,24.868091386027512,24.87179184124959,24.858319947279664
FOREST-17,36c92afa-8853-4630-a788-ad2e63912d51,TROLL,1777845274.185557,1777845864.590709,370,216,154,True,-0.6251545460533983,0.34336666561781665,156.38880648642407,-0.44106171794374954,8.833273634070549,71.97321876296019,138195.26634309418,"({'lower_h': 0, 'upper_h': 1, 'prior': {'fixes': 44, 'best_km': 7.02946293855749, 'median_km': 7.101735455856003, 'p90_km': 7.615795745304607, 'worst_km': 7.812898735761767, 'rms_km': 7.229753868584047}, 'ukf': {'fixes': 44, 'best_km': 2.3085720523574462, 'median_km': 2.3822578333173405, 'p90_km': 2.8995811240802105, 'worst_km': 3.0965989924944264, 'rms_km': 2.5180313630822484}, 'batch': {'fixes': 44, 'best_km': 3.69828890311993, 'median_km': 3.7710198259545256, 'p90_km': 4.286065138098105, 'worst_km': 4.483446206248886, 'rms_km': 3.9021786240744496}}, {'lower_h': 1, 'upper_h': 3, 'prior': {'fixes': 104, 'best_km': 7.6183644780995134, 'median_km': 8.201662005175066, 'p90_km': 8.916767435594618, 'worst_km': 8.962400102013362, 'rms_km': 8.233030877824083}, 'ukf': {'fixes': 104, 'best_km': 2.8967519283935945, 'median_km': 3.480409678785848, 'p90_km': 4.194422148375153, 'worst_km': 4.238388487558004, 'rms_km': 3.5291079507106042}, 'batch': {'fixes': 104, 'best_km': 4.286874296210349, 'median_km': 4.8704961813921965, 'p90_km': 5.584543855623337, 'worst_km': 5.629270966559407, 'rms_km': 4.910312130038463}}, {'lower_h': 3, 'upper_h': 6, 'prior': {'fixes': 143, 'best_km': 8.069450990488406, 'median_km': 9.19075944636897, 'p90_km': 11.378017483495437, 'worst_km': 11.490642327535923, 'rms_km': 9.4346986935078}, 'ukf': {'fixes': 143, 'best_km': 3.348995817932849, 'median_km': 4.471664720675107, 'p90_km': 6.656768553620544, 'worst_km': 6.7656445783944115, 'rms_km': 4.771841892759607}, 'batch': {'fixes': 143, 'best_km': 4.738998366779987, 'median_km': 5.86033699196296, 'p90_km': 8.04660332948859, 'worst_km': 8.157006337045868, 'rms_km': 6.135267326218734}}, {'lower_h': 6, 'upper_h': 12, 'prior': {'fixes': 232, 'best_km': 10.746164464240474, 'median_km': 13.85248811610052, 'p90_km': 16.713140246853946, 'worst_km': 17.149645669408898, 'rms_km': 14.229238123229223}, 'ukf': {'fixes': 232, 'best_km': 6.031851218604619, 'median_km': 9.127601415243536, 'p90_km': 11.98743069146984, 'worst_km': 12.423810303555065, 'rms_km': 9.584853916917307}, 'batch': {'fixes': 232, 'best_km': 7.419428069490814, 'median_km': 10.518934502201198, 'p90_km': 13.378873644827916, 'worst_km': 13.815302060598896, 'rms_km': 10.945461854228906}}, {'lower_h': 12, 'upper_h': 24, 'prior': {'fixes': 341, 'best_km': 16.754280012960766, 'median_km': 23.126754496441098, 'p90_km': 27.106222174130266, 'worst_km': 29.33100435507283, 'rms_km': 22.264486499433367}, 'ukf': {'fixes': 341, 'best_km': 12.035374887927196, 'median_km': 18.408574006548623, 'p90_km': 22.38167276985239, 'worst_km': 24.608792669459337, 'rms_km': 17.64474117354551}, 'batch': {'fixes': 341, 'best_km': 13.424964357096917, 'median_km': 19.797894397046427, 'p90_km': 23.772915882290082, 'worst_km': 25.999370965714444, 'rms_km': 18.999842663781955}})",10,7.123283306985276,7.186209699729114,7.236488516038728,7.24849720792741,7.185836098609144,10,2.4055387298334536,2.468447624456271,2.5183690127904623,2.530200515339818,2.46816563126429,10,3.7945507409924617,3.8574389838247027,3.9073762065929927,3.9192426539089764,3.8570637609804623
FOREST-17,d623db96-56fd-4783-9f1e-bf3933f4dbd8,PUNTA_ARENAS,1777856804.1767988,1777857228.439478,344,242,102,True,-1.0334451938203415,0.8854569655780028,670.9193891229806,-0.5086674208298259,26.628482769744178,755.4238827809093,843769.0633181407,"({'lower_h': 0, 'upper_h': 1, 'prior': {'fixes': 39, 'best_km': 8.069450990488406, 'median_km': 8.201709049111251, 'p90_km': 8.740661655992698, 'worst_km': 9.43270485130458, 'rms_km': 8.331736244156955}, 'ukf': {'fixes': 39, 'best_km': 0.2757067610833583, 'median_km': 0.45719882458998823, 'p90_km': 1.0141964064067408, 'worst_km': 1.654703532777827, 'rms_km': 0.6533295792010283}, 'batch': {'fixes': 39, 'best_km': 4.228542230327228, 'median_km': 4.3597610323785325, 'p90_km': 4.902041160697797, 'worst_km': 5.592379495391135, 'rms_km': 4.496328547186791}}, {'lower_h': 1, 'upper_h': 3, 'prior': {'fixes': 106, 'best_km': 8.937945551694922, 'median_km': 9.706067967337052, 'p90_km': 11.447664247254478, 'worst_km': 11.490642327535923, 'rms_km': 10.039511392023561}, 'ukf': {'fixes': 106, 'best_km': 1.1412535759640872, 'median_km': 1.9023416041378025, 'p90_km': 3.6400944762357126, 'worst_km': 3.680162738853939, 'rms_km': 2.3940043914849056}, 'batch': {'fixes': 106, 'best_km': 5.098339228432611, 'median_km': 5.862251680650891, 'p90_km': 7.603856041720054, 'worst_km': 7.646039494771868, 'rms_km': 6.2257878988800455}}, {'lower_h': 3, 'upper_h': 6, 'prior': {'fixes': 111, 'best_km': 10.746164464240474, 'median_km': 12.939738426711022, 'p90_km': 13.816059906825407, 'worst_km': 15.008128282098546, 'rms_km': 12.440271976945434}, 'ukf': {'fixes': 111, 'best_km': 2.9616559015396673, 'median_km': 5.1411148668084214, 'p90_km': 6.00821004992535, 'worst_km': 7.207637606733563, 'rms_km': 4.745527343836025}, 'batch': {'fixes': 111, 'best_km': 6.909754701239743, 'median_km': 9.099352936948957, 'p90_km': 9.972293198774999, 'worst_km': 11.166745156754324, 'rms_km': 8.627196563824018}}, {'lower_h': 6, 'upper_h': 12, 'prior': {'fixes': 266, 'best_km': 14.767238386293105, 'median_km': 16.990745112599463, 'p90_km': 18.46768781338877, 'worst_km': 18.76339027615386, 'rms_km': 17.028928968966685}, 'ukf': {'fixes': 266, 'best_km': 6.9657073096149915, 'median_km': 9.184371330548041, 'p90_km': 10.657457134386641, 'worst_km': 10.952746255660692, 'rms_km': 9.252081240995928}, 'batch': {'fixes': 266, 'best_km': 10.926999043728749, 'median_km': 13.147877896790446, 'p90_km': 14.623162618556737, 'worst_km': 14.918934323708976, 'rms_km': 13.196456212602246}}, {'lower_h': 12, 'upper_h': 24, 'prior': {'fixes': 340, 'best_km': 20.62564408448197, 'median_km': 28.719725148153533, 'p90_km': 31.06515632549104, 'worst_km': 32.528490856074455, 'rms_km': 27.860391370342168}, 'ukf': {'fixes': 340, 'best_km': 12.825314562768053, 'median_km': 20.90852997713217, 'p90_km': 23.253878754875682, 'worst_km': 24.716991604767212, 'rms_km': 20.122546242034343}, 'batch': {'fixes': 340, 'best_km': 16.78617618571721, 'median_km': 24.874947105841557, 'p90_km': 27.22032685279943, 'worst_km': 28.683627278845698, 'rms_km': 24.0460440509508}})",5,8.274697218512983,8.336725343213235,8.446588928081376,8.496767866032929,8.35720036120308,5,0.517264248249084,0.5780446380081493,0.6845657292152567,0.7327656686585013,0.6021035634959822,5,4.437583153340443,4.499589013958568,4.609080604867513,4.659032725086638,4.520247973703107
FOREST-18,49e74a6c-b21d-46c0-87bb-e4195b4a0dab,PUNTA_ARENAS,1777828735.4406278,1777829281.741531,471,208,263,True,-1.3511450112230392,0.5856439637144981,679.0752426825384,0.1124647704203972,26.203822112637482,944.2823672706355,189630.22145450732,"({'lower_h': 0, 'upper_h': 1, 'prior': {'fixes': 50, 'best_km': 9.46694575814637, 'median_km': 9.676430579183812, 'p90_km': 10.04926758039879, 'worst_km': 11.13313383349471, 'rms_km': 9.807370291932596}, 'ukf': {'fixes': 50, 'best_km': 0.24203430864721703, 'median_km': 0.7587575898520171, 'p90_km': 0.893169025240861, 'worst_km': 1.1869738772839746, 'rms_km': 0.7439808624342996}, 'batch': {'fixes': 50, 'best_km': 10.31691844560749, 'median_km': 10.526518954282412, 'p90_km': 10.898788153444666, 'worst_km': 11.98166323861952, 'rms_km': 10.656525205976525}}, {'lower_h': 1, 'upper_h': 3, 'prior': {'fixes': 104, 'best_km': 11.225262784145562, 'median_km': 12.739803656434962, 'p90_km': 14.974160373988836, 'worst_km': 15.468121096327017, 'rms_km': 13.06259924762412}, 'ukf': {'fixes': 104, 'best_km': 1.2630331945892164, 'median_km': 2.560401663343162, 'p90_km': 4.8009046369959965, 'worst_km': 5.276364406814809, 'rms_km': 3.0565930516860913}, 'batch': {'fixes': 104, 'best_km': 12.073704480187788, 'median_km': 13.588842021048599, 'p90_km': 15.822666656507948, 'worst_km': 16.31670882495661, 'rms_km': 13.908863967712076}}, {'lower_h': 3, 'upper_h': 6, 'prior': {'fixes': 133, 'best_km': 14.406200346756734, 'median_km': 16.734593899255582, 'p90_km': 17.696727725196222, 'worst_km': 19.196052212136028, 'rms_km': 16.477034320351276}, 'ukf': {'fixes': 133, 'best_km': 4.185193859636465, 'median_km': 6.512570223676904, 'p90_km': 7.498185844675008, 'worst_km': 8.998633665585862, 'rms_km': 6.3509321199992534}, 'batch': {'fixes': 133, 'best_km': 15.257023552684931, 'median_km': 17.58546430271263, 'p90_km': 18.54565530371271, 'worst_km': 20.04524587140735, 'rms_km': 17.324465823414045}}, {'lower_h': 6, 'upper_h': 12, 'prior': {'fixes': 294, 'best_km': 18.757122120829685, 'median_km': 22.377932844647283, 'p90_km': 26.820759615416527, 'worst_km': 28.14891493080144, 'rms_km': 22.938172493632017}, 'ukf': {'fixes': 294, 'best_km': 8.53509086698622, 'median_km': 12.16443612026563, 'p90_km': 16.61599162759277, 'worst_km': 17.930804175502885, 'rms_km': 12.855233026620892}, 'batch': {'fixes': 294, 'best_km': 19.607986155779518, 'median_km': 23.228282223699885, 'p90_km': 27.670194818474258, 'worst_km': 28.999586102417517, 'rms_km': 23.782392497441887}}, {'lower_h': 12, 'upper_h': 24, 'prior': {'fixes': 547, 'best_km': 28.226238885016564, 'median_km': 40.398825344774416, 'p90_km': 46.76887146609873, 'worst_km': 50.07619063316802, 'rms_km': 39.855949305686686}, 'ukf': {'fixes': 547, 'best_km': 18.008055719999476, 'median_km': 30.201505401547358, 'p90_km': 36.547269863245496, 'worst_km': 39.87857747051743, 'rms_km': 29.79757940829915}, 'batch': {'fixes': 547, 'best_km': 29.076916103291097, 'median_km': 41.24762123588508, 'p90_km': 47.619687917470635, 'worst_km': 50.92500629135829, 'rms_km': 40.69663641535611}})",9,9.941601306060514,9.976358126569039,9.985338495390733,9.985399142913787,9.972394048524091,9,0.2315048855321726,0.27394249937601034,0.36891519712175513,0.3973145418270226,0.2967107338396564,9,10.79009753221119,10.825847653393799,10.834553166320083,10.834588522122978,10.821402018165742
FOREST-18,48de3125-1fd3-40df-be87-5fc55aa2485f,TROLL,1777839505.198752,1777840099.5466359,341,5,336,False,-11.768709268711916,1.4943669346380384,-14434.112643831817,-2.2070102714513697,6.062726595204544,128.80974694507015,272247.7554296914,"({'lower_h': 0, 'upper_h': 1, 'prior': {'fixes': 49, 'best_km': 14.406200346756734, 'median_km': 14.927996053642337, 'p90_km': 15.536060940946081, 'worst_km': 15.549818182499362, 'rms_km': 14.964087347475433}, 'ukf': {'fixes': 49, 'best_km': 73.27831772181746, 'median_km': 74.08903295444493, 'p90_km': 74.6158626143828, 'worst_km': 74.63050251538675, 'rms_km': 74.01565014647855}, 'batch': {'fixes': 49, 'best_km': 1.1099975065645253, 'median_km': 1.808859492709815, 'p90_km': 2.280530947931876, 'worst_km': 2.294300455257081, 'rms_km': 1.8058032100459882}}, {'lower_h': 1, 'upper_h': 3, 'prior': {'fixes': 84, 'best_km': 16.00810651876552, 'median_km': 17.301494428804748, 'p90_km': 17.72697213840337, 'worst_km': 19.25158169389728, 'rms_km': 17.343465839222286}, 'ukf': {'fixes': 84, 'best_km': 69.64523755801564, 'median_km': 71.62866797225475, 'p90_km': 72.35492862890284, 'worst_km': 72.98567874972942, 'rms_km': 71.62297250762364}, 'batch': {'fixes': 84, 'best_km': 0.029468957711975507, 'median_km': 0.7990028751605108, 'p90_km': 1.2044281136436477, 'worst_km': 2.6272185240793107, 'rms_km': 1.0242758602525248}}, {'lower_h': 3, 'upper_h': 6, 'prior': {'fixes': 146, 'best_km': 18.757122120829685, 'median_km': 20.829847419592628, 'p90_km': 21.514747252186854, 'worst_km': 22.347237448070537, 'rms_km': 20.482664007186614}, 'ukf': {'fixes': 146, 'best_km': 66.6748699210539, 'median_km': 68.10921738322182, 'p90_km': 69.93040769015315, 'worst_km': 70.2831040884132, 'rms_km': 68.50477847005678}, 'batch': {'fixes': 146, 'best_km': 2.062564536965931, 'median_km': 4.176666224547519, 'p90_km': 4.832127432752717, 'worst_km': 5.673774332524721, 'rms_km': 3.9225428900831307}}, {'lower_h': 6, 'upper_h': 12, 'prior': {'fixes': 273, 'best_km': 22.408628241224026, 'median_km': 26.953632880826778, 'p90_km': 33.397140084528615, 'worst_km': 33.50574610310008, 'rms_km': 28.244799887203737}, 'ukf': {'fixes': 273, 'best_km': 55.33182268837425, 'median_km': 62.061109131749454, 'p90_km': 65.34034219412341, 'worst_km': 66.60668393986658, 'rms_km': 61.02404272073171}, 'batch': {'fixes': 273, 'best_km': 5.736375697292209, 'median_km': 10.257270420190029, 'p90_km': 16.71491169810391, 'worst_km': 16.844138466980926, 'rms_km': 11.893068419327033}}, {'lower_h': 12, 'upper_h': 24, 'prior': {'fixes': 569, 'best_km': 33.574144588953516, 'median_km': 44.56649571369844, 'p90_km': 53.657634617928174, 'worst_km': 56.72461178095234, 'rms_km': 45.080034507369355}, 'ukf': {'fixes': 569, 'best_km': 32.134970453013985, 'median_km': 44.4837219965296, 'p90_km': 52.88289556780907, 'worst_km': 55.46513469829381, 'rms_km': 44.762911084168934}, 'batch': {'fixes': 569, 'best_km': 16.878486680421933, 'median_km': 27.869563637349895, 'p90_km': 36.966716764105655, 'worst_km': 40.06381550232289, 'rms_km': 28.652506131463113}})",10,15.121492087712431,15.349585337786758,15.470591934885984,15.492829481916695,15.33275840352912,10,73.32248272015906,73.4781749110273,73.68000125342004,73.7409091044512,73.50008980256601,10,1.188391842643438,1.3769960750752728,1.5925623724342222,1.6534266619971698,1.4031665095600938
FOREST-18,2735b79f-1ae2-4be6-9b13-774d026efd72,SVALSAT,1777842796.0510669,1777843420.437676,336,244,92,True,-2.5109077501286023,0.5540649995737579,127.15306731958299,-2.541025274658365,20.046997416375888,165.12212835243108,61061.661947746274,"({'lower_h': 0, 'upper_h': 1, 'prior': {'fixes': 43, 'best_km': 16.00810651876552, 'median_km': 17.495622875354535, 'p90_km': 17.693732251546145, 'worst_km': 17.703546245884898, 'rms_km': 17.310848246542022}, 'ukf': {'fixes': 43, 'best_km': 1.252120182693099, 'median_km': 1.5063340721441578, 'p90_km': 2.5157893178187978, 'worst_km': 3.0255764683703403, 'rms_km': 1.7851077331581278}, 'batch': {'fixes': 43, 'best_km': 1.4789010337342037, 'median_km': 1.7276672752983522, 'p90_km': 2.7344242286072262, 'worst_km': 3.2504400136706706, 'rms_km': 1.998881143181169}}, {'lower_h': 1, 'upper_h': 3, 'prior': {'fixes': 91, 'best_km': 16.66952623620733, 'median_km': 18.925815415875437, 'p90_km': 19.627410798876483, 'worst_km': 19.677447980148678, 'rms_km': 18.459183534922197}, 'ukf': {'fixes': 91, 'best_km': 0.1820533862884287, 'median_km': 0.688560650123346, 'p90_km': 2.2819519103852945, 'worst_km': 2.32877499723097, 'rms_km': 1.3207721040680798}, 'batch': {'fixes': 91, 'best_km': 0.24001185146137227, 'median_km': 0.5087100878954087, 'p90_km': 2.5096909290460956, 'worst_km': 2.556503640063616, 'rms_km': 1.4323111705268117}}, {'lower_h': 3, 'upper_h': 6, 'prior': {'fixes': 151, 'best_km': 19.368070055698418, 'median_km': 21.413864489938813, 'p90_km': 23.68253597813673, 'worst_km': 23.69033827676006, 'rms_km': 21.9390030521489}, 'ukf': {'fixes': 151, 'best_km': 0.6770440469948664, 'median_km': 2.4641778286344116, 'p90_km': 4.696560602134177, 'worst_km': 4.717389968372659, 'rms_km': 3.2057179439274552}, 'batch': {'fixes': 151, 'best_km': 0.5869272628690619, 'median_km': 2.2372212549481407, 'p90_km': 4.468812492286175, 'worst_km': 4.489877178536226, 'rms_km': 2.999634818432084}}, {'lower_h': 6, 'upper_h': 12, 'prior': {'fixes': 268, 'best_km': 23.69129277618937, 'median_km': 30.210065151562524, 'p90_km': 34.74089947440607, 'worst_km': 36.03761758795587, 'rms_km': 30.451931704238323}, 'ukf': {'fixes': 268, 'best_km': 4.696800111829424, 'median_km': 11.240814048506286, 'p90_km': 15.752627826709146, 'worst_km': 17.08798966096798, 'rms_km': 11.813536562232615}, 'batch': {'fixes': 268, 'best_km': 4.469049272155143, 'median_km': 11.013242328313575, 'p90_km': 15.52494720455456, 'worst_km': 16.860699125499302, 'rms_km': 11.596632662652615}}, {'lower_h': 12, 'upper_h': 24, 'prior': {'fixes': 575, 'best_km': 36.036735115944424, 'median_km': 46.31927821498931, 'p90_km': 56.63477024639893, 'worst_km': 57.238110012826475, 'rms_km': 47.12946677544245}, 'ukf': {'fixes': 575, 'best_km': 17.03991504896943, 'median_km': 27.341213668347134, 'p90_km': 37.6531916654463, 'worst_km': 38.27941527400237, 'rms_km': 28.44244686309464}, 'batch': {'fixes': 575, 'best_km': 16.81205254994519, 'median_km': 27.113575391069407, 'p90_km': 37.42551462233665, 'worst_km': 38.05202325851134, 'rms_km': 28.220675687217575}})",4,14.43330186772401,14.463048590682204,14.492899727990103,14.500749770973044,14.465059297160588,4,4.5087571830003,4.541329511752391,4.563051174362351,4.567946639034865,4.539895027313899,4,4.73613455928794,4.7688900687296805,4.790703793542877,4.795619791230754,4.767435859005071
FOREST-18,7654ef67-7aba-4f18-bf0a-65eacc1b6a22,SVALSAT,1777848559.221401,1777849258.6674368,339,38,301,False,-29.01464049371407,0.6936640612098548,-12782.972195046605,-2.232964133896959,8.813674589858268,-45.201434505928226,112425.87131726631,"({'lower_h': 0, 'upper_h': 1, 'prior': {'fixes': 42, 'best_km': 17.652045312750722, 'median_km': 19.462592516794167, 'p90_km': 19.66837060544761, 'worst_km': 19.677447980148678, 'rms_km': 19.248308350297133}, 'ukf': {'fixes': 42, 'best_km': 199.2807747193806, 'median_km': 199.66401780077476, 'p90_km': 201.6085490162567, 'worst_km': 201.8859612688728, 'rms_km': 199.91990108333292}, 'batch': {'fixes': 42, 'best_km': 0.9756526996796823, 'median_km': 2.6166944751770833, 'p90_km': 2.8206965266097166, 'worst_km': 2.8281943793814945, 'rms_km': 2.477614913221317}}, {'lower_h': 1, 'upper_h': 3, 'prior': {'fixes': 98, 'best_km': 18.757122120829685, 'median_km': 21.035130979996325, 'p90_km': 21.38890336324364, 'worst_km': 21.417679475401844, 'rms_km': 20.507640052411524}, 'ukf': {'fixes': 98, 'best_km': 197.55326625127665, 'median_km': 198.4481505615056, 'p90_km': 200.5752459381002, 'worst_km': 200.7564054858817, 'rms_km': 198.8416762326685}, 'batch': {'fixes': 98, 'best_km': 1.8665889348656042, 'median_km': 4.145620232161131, 'p90_km': 4.53530145891607, 'worst_km': 4.564813162942283, 'rms_km': 3.7431861670668196}}, {'lower_h': 3, 'upper_h': 6, 'prior': {'fixes': 153, 'best_km': 21.337795487728883, 'median_km': 24.01269838837017, 'p90_km': 26.828423550932495, 'worst_km': 26.921348086797817, 'rms_km': 24.602386914111158}, 'ukf': {'fixes': 153, 'best_km': 192.2311218016911, 'median_km': 195.37897332500367, 'p90_km': 197.24728497340286, 'worst_km': 198.17930716344276, 'rms_km': 194.74890031645197}, 'batch': {'fixes': 153, 'best_km': 4.45631170776543, 'median_km': 7.128924177414598, 'p90_km': 9.959821206872885, 'worst_km': 10.029005184380768, 'rms_km': 7.864957547421485}}, {'lower_h': 6, 'upper_h': 12, 'prior': {'fixes': 251, 'best_km': 26.936171943851516, 'median_km': 33.47914221791898, 'p90_km': 36.64481056946359, 'worst_km': 37.79229779167682, 'rms_km': 33.33830971908091}, 'ukf': {'fixes': 251, 'best_km': 181.27643980079546, 'median_km': 185.69008176397006, 'p90_km': 190.24358302924438, 'worst_km': 192.57043947360268, 'rms_km': 186.10401313664653}, 'batch': {'fixes': 251, 'best_km': 10.043572749604065, 'median_km': 16.61693641172786, 'p90_km': 19.751932157814085, 'worst_km': 20.934831858645158, 'rms_km': 16.593894712454876}}, {'lower_h': 12, 'upper_h': 24, 'prior': {'fixes': 591, 'best_km': 38.39126731963245, 'median_km': 49.544462870938446, 'p90_km': 59.6007518903529, 'worst_km': 60.178516636410855, 'rms_km': 49.925705184442194}, 'ukf': {'fixes': 591, 'best_km': 158.83405809735405, 'median_km': 169.49676666130634, 'p90_km': 178.5768628413399, 'worst_km': 181.12982728681447, 'rms_km': 169.95839063461693}, 'batch': {'fixes': 591, 'best_km': 21.496716176496466, 'median_km': 32.68997163735817, 'p90_km': 42.739550057640535, 'worst_km': 43.320488456006075, 'rms_km': 33.269555728200146}})",3,16.722016758599846,16.744291818269637,16.766232420067944,16.77171757051752,16.746021052133266,3,202.7347769689323,202.76107707521572,202.7784948367282,202.78284927710632,202.75956872634967,3,0.28757881208310326,0.3073251924913507,0.3260326461655953,0.33070950958415646,0.3090410581289418
FOREST-18,105f1f16-870e-4658-9a38-41c74ea5939c,TROLL,1777851074.18241,1777851549.458704,322,209,113,True,-1.5117221894991815,0.7469413870531255,295.10145092663424,-2.7698249505907286,35.43681414598345,-63.3126334245845,584413.1447770328,"({'lower_h': 0, 'upper_h': 1, 'prior': {'fixes': 41, 'best_km': 18.757122120829685, 'median_km': 19.293487077002332, 'p90_km': 19.66853996803549, 'worst_km': 19.677447980148678, 'rms_km': 19.255794732949774}, 'ukf': {'fixes': 41, 'best_km': 7.320341760452913, 'median_km': 7.868062916701658, 'p90_km': 8.261214713968062, 'worst_km': 8.269322709334672, 'rms_km': 7.835909830215164}, 'batch': {'fixes': 41, 'best_km': 1.2332457983024359, 'median_km': 1.6970087966375864, 'p90_km': 2.167945126888373, 'worst_km': 2.2027229706860565, 'rms_km': 1.730557154035177}}, {'lower_h': 1, 'upper_h': 3, 'prior': {'fixes': 105, 'best_km': 19.391328311221432, 'median_km': 21.26600114866761, 'p90_km': 22.322221239325835, 'worst_km': 22.920934391617248, 'rms_km': 21.244846618709918}, 'ukf': {'fixes': 105, 'best_km': 7.965124314211476, 'median_km': 9.855473338724762, 'p90_km': 10.894796479198753, 'worst_km': 11.504551439480005, 'rms_km': 9.83838257056418}, 'batch': {'fixes': 105, 'best_km': 0.0829422013718182, 'median_km': 0.522828362495202, 'p90_km': 1.5914455482747505, 'worst_km': 2.051641804852689, 'rms_km': 0.9243810524949156}}, {'lower_h': 3, 'upper_h': 6, 'prior': {'fixes': 148, 'best_km': 22.97407957082061, 'median_km': 25.790195739054383, 'p90_km': 27.92061460747041, 'worst_km': 29.000183765332952, 'rms_km': 25.59219979215478}, 'ukf': {'fixes': 148, 'best_km': 11.558806905601875, 'median_km': 14.3668012460064, 'p90_km': 16.48889142049397, 'worst_km': 17.568853358193106, 'rms_km': 14.2144881710974}, 'batch': {'fixes': 148, 'best_km': 2.1030098838105937, 'median_km': 4.8792069815440104, 'p90_km': 6.989736290192421, 'worst_km': 8.06593374277521, 'rms_km': 4.917618815134028}}, {'lower_h': 6, 'upper_h': 12, 'prior': {'fixes': 236, 'best_km': 29.074036720075537, 'median_km': 33.64636047650343, 'p90_km': 37.09828541835264, 'worst_km': 38.399281349459265, 'rms_km': 33.993229275264554}, 'ukf': {'fixes': 236, 'best_km': 17.64314177357218, 'median_km': 22.2103374020639, 'p90_km': 25.66643982210568, 'worst_km': 26.964316753920322, 'rms_km': 22.619372252787688}, 'batch': {'fixes': 236, 'best_km': 8.14013037142662, 'median_km': 12.69432791195042, 'p90_km': 16.153917807027597, 'worst_km': 17.447801379049633, 'rms_km': 13.22096490873739}}, {'lower_h': 12, 'upper_h': 24, 'prior': {'fixes': 610, 'best_km': 39.203215263383, 'median_km': 50.13813332243796, 'p90_km': 59.86388063163993, 'worst_km': 62.544426821661624, 'rms_km': 50.63242770932076}, 'ukf': {'fixes': 610, 'best_km': 27.77097572832728, 'median_km': 38.702744441061654, 'p90_km': 48.4293084957951, 'worst_km': 51.1296065093416, 'rms_km': 39.33984764800202}, 'batch': {'fixes': 610, 'best_km': 18.257622381948988, 'median_km': 29.18723983466475, 'p90_km': 38.911570733267865, 'worst_km': 41.62997085016134, 'rms_km': 30.01951109167155}})",7,19.450944269972172,19.555461530378675,19.61645865301529,19.629129824592876,19.548824703108316,7,8.044129546201793,8.148925219609994,8.209823534355282,8.222433133372364,8.142307400872554,7,1.2959257762287661,1.3904064089469201,1.4922796057805343,1.5204748876760044,1.4000890262167482
FOREST-18,8db51bff-de04-4287-b3c8-4f949e7a8df1,AWARUA,1777857799.261813,1777858329.500393,337,210,127,True,-2.2566552588237982,0.8116895343882343,867.84992001512,-3.042296562878628,36.32619590403683,763.8984784390179,496803.6608161298,"({'lower_h': 0, 'upper_h': 1, 'prior': {'fixes': 45, 'best_km': 21.030450563270588, 'median_km': 21.320822084491773, 'p90_km': 22.26024682350611, 'worst_km': 22.528789268082395, 'rms_km': 21.517007276996246}, 'ukf': {'fixes': 45, 'best_km': 3.9575494113213376, 'median_km': 4.268469762364112, 'p90_km': 5.2116413895567595, 'worst_km': 5.485567294564908, 'rms_km': 4.477875547014699}, 'batch': {'fixes': 45, 'best_km': 0.7291839858342438, 'median_km': 1.6747224827674463, 'p90_km': 1.966973746519519, 'worst_km': 1.9895354702044303, 'rms_km': 1.611118843771863}}, {'lower_h': 1, 'upper_h': 3, 'prior': {'fixes': 103, 'best_km': 22.58613707374394, 'median_km': 23.69033827676006, 'p90_km': 26.37901706655104, 'worst_km': 26.69172149941068, 'rms_km': 24.461554579267712}, 'ukf': {'fixes': 103, 'best_km': 5.544253482778881, 'median_km': 6.636725268346075, 'p90_km': 9.349946105603495, 'worst_km': 9.667350399772937, 'rms_km': 7.487288946541755}, 'batch': {'fixes': 103, 'best_km': 0.4804889938076897, 'median_km': 0.7045983872877888, 'p90_km': 3.4427490645086847, 'worst_km': 3.7526480781321245, 'rms_km': 1.9349768698677807}}, {'lower_h': 3, 'upper_h': 6, 'prior': {'fixes': 124, 'best_km': 26.711071012440087, 'median_km': 29.692333925219405, 'p90_km': 32.37721375001449, 'worst_km': 33.077726916163826, 'rms_km': 29.327065097762713}, 'ukf': {'fixes': 124, 'best_km': 9.686013763417973, 'median_km': 12.643217090817483, 'p90_km': 15.316658316070242, 'worst_km': 16.037170040766323, 'rms_km': 12.36362265859385}, 'batch': {'fixes': 124, 'best_km': 3.77030647749744, 'median_km': 6.715680041502132, 'p90_km': 9.382628634821584, 'worst_km': 10.107028069607068, 'rms_km': 6.5703836602974794}}, {'lower_h': 6, 'upper_h': 12, 'prior': {'fixes': 243, 'best_km': 33.11983067960083, 'median_km': 36.12057765388008, 'p90_km': 40.83931902608515, 'worst_km': 41.22189615662003, 'rms_km': 37.108172925611335}, 'ukf': {'fixes': 243, 'best_km': 16.080961359964462, 'median_km': 19.073263474737775, 'p90_km': 23.766070038846635, 'worst_km': 24.148757435905942, 'rms_km': 20.140247673762605}, 'batch': {'fixes': 243, 'best_km': 10.151195783516318, 'median_km': 13.13921509082401, 'p90_km': 17.82215099881234, 'worst_km': 18.20523925386876, 'rms_km': 14.282533953985636}}, {'lower_h': 12, 'upper_h': 24, 'prior': {'fixes': 644, 'best_km': 41.2566837490093, 'median_km': 53.75388754584245, 'p90_km': 62.87342673972822, 'worst_km': 65.44359429590827, 'rms_km': 54.181611958094415}, 'ukf': {'fixes': 644, 'best_km': 24.183527916538324, 'median_km': 36.70089345734925, 'p90_km': 45.83199673926422, 'worst_km': 48.40970854169277, 'rms_km': 37.34382546742832}, 'batch': {'fixes': 644, 'best_km': 18.240037318892895, 'median_km': 30.758081811947356, 'p90_km': 39.89777292242714, 'worst_km': 42.47946437379802, 'rms_km': 31.537365346010485}})",8,21.349262033471824,21.39124974619928,21.410329577103383,21.413864489938813,21.386812150053956,8,4.302267879675141,4.350988400989319,4.3748945328335,4.37951689641265,4.346460100452997,8,1.5552621252833057,1.5852578700405748,1.6251750951950064,1.6370793498698726,1.590467719438025
FOREST-19,d2af3474-5932-431d-ae42-c7ce901c93ba,TROLL,1777833787.2197049,1777834347.545014,358,236,122,True,-0.1790113064847132,0.4126519496993199,-68.1526357807827,-0.3767145233431999,12.417065576489618,-85.52519577957483,127686.34476475186,"({'lower_h': 0, 'upper_h': 1, 'prior': {'fixes': 50, 'best_km': 1.9903076027695235, 'median_km': 2.5725791424417794, 'p90_km': 3.6760469458931078, 'worst_km': 3.844668982259984, 'rms_km': 2.799142698452988}, 'ukf': {'fixes': 50, 'best_km': 3.3417034728194577, 'median_km': 3.9050920382588696, 'p90_km': 5.023187752095585, 'worst_km': 5.197312581149407, 'rms_km': 4.11647486766146}, 'batch': {'fixes': 50, 'best_km': 4.834402430900764, 'median_km': 5.389094973485114, 'p90_km': 6.514378529669302, 'worst_km': 6.691964437688831, 'rms_km': 5.5913151273641555}}, {'lower_h': 1, 'upper_h': 3, 'prior': {'fixes': 84, 'best_km': 1.937751715361463, 'median_km': 2.8037069022524554, 'p90_km': 3.6312369108235, 'worst_km': 3.928562513533957, 'rms_km': 2.8639445155001986}, 'ukf': {'fixes': 84, 'best_km': 3.28893842836702, 'median_km': 4.140335910060305, 'p90_km': 4.977938503270533, 'worst_km': 5.280848234709777, 'rms_km': 4.185467128991221}, 'batch': {'fixes': 84, 'best_km': 4.781495039390966, 'median_km': 5.6257384665954415, 'p90_km': 6.468875012501334, 'worst_km': 6.775231816799277, 'rms_km': 5.66220837997357}}, {'lower_h': 3, 'upper_h': 6, 'prior': {'fixes': 146, 'best_km': 2.287417367906698, 'median_km': 3.128131064677029, 'p90_km': 4.276123611600058, 'worst_km': 4.429668154098961, 'rms_km': 3.307668116353043}, 'ukf': {'fixes': 146, 'best_km': 3.638154692547726, 'median_km': 4.475142513825272, 'p90_km': 5.629057560059742, 'worst_km': 5.7835392707308175, 'rms_km': 4.637926336297536}, 'batch': {'fixes': 146, 'best_km': 5.130357987906016, 'median_km': 5.965875181969855, 'p90_km': 7.123835639462806, 'worst_km': 7.279043346341972, 'rms_km': 6.118681853829656}}, {'lower_h': 6, 'upper_h': 12, 'prior': {'fixes': 163, 'best_km': 1.9744903458366105, 'median_km': 3.0487735261961957, 'p90_km': 3.8070880342927182, 'worst_km': 4.307450601863998, 'rms_km': 3.110133727123072}, 'ukf': {'fixes': 163, 'best_km': 3.315274553654715, 'median_km': 4.391921985101935, 'p90_km': 5.157543129745917, 'worst_km': 5.659305398031869, 'rms_km': 4.43916446454732}, 'batch': {'fixes': 163, 'best_km': 4.803398889921578, 'median_km': 5.884843061594514, 'p90_km': 6.650001766572568, 'worst_km': 7.153333873666654, 'rms_km': 5.919354168795403}}, {'lower_h': 12, 'upper_h': 24, 'prior': {'fixes': 421, 'best_km': 0.4267175503281333, 'median_km': 1.5379700066449913, 'p90_km': 2.5954795310165713, 'worst_km': 3.091565568531191, 'rms_km': 1.8003270555175739}, 'ukf': {'fixes': 421, 'best_km': 0.5429115296164275, 'median_km': 2.872844678235029, 'p90_km': 3.9487898337421594, 'worst_km': 4.445102444020024, 'rms_km': 2.9812188396656985}, 'batch': {'fixes': 421, 'best_km': 1.8089358428593982, 'median_km': 4.3590564283420274, 'p90_km': 5.443719471572443, 'worst_km': 5.940472106332206, 'rms_km': 4.40215062783412}})",8,2.2601490391440215,2.4368287399661126,2.600938969479712,2.6412907380867185,2.4459922652434765,8,3.595967537249111,3.7674530350591633,3.9295574495524273,3.969699979241159,3.7760160933346523,8,5.0806237378690415,5.2492226462246805,5.410039773997066,5.450018022065055,5.257482116334067
FOREST-19,df2618ab-46b7-49bb-a148-ea9f89466869,AWARUA,1777852035.296679,1777852681.6466968,521,345,176,True,0.042529750283635814,0.36539794836307193,618.9142402889433,0.3031163599041811,7.019555768960707,648.2384896886648,85667.7824358854,"({'lower_h': 0, 'upper_h': 1, 'prior': {'fixes': 44, 'best_km': 2.93849137326021, 'median_km': 4.067442715746841, 'p90_km': 4.422326708411774, 'worst_km': 4.429668154098961, 'rms_km': 3.9206852392236753}, 'ukf': {'fixes': 44, 'best_km': 2.6190021376009707, 'median_km': 3.7465393996273155, 'p90_km': 4.100764612815389, 'worst_km': 4.108077971277622, 'rms_km': 3.602906578264033}, 'batch': {'fixes': 44, 'best_km': 0.7009789152635635, 'median_km': 1.7852931809462196, 'p90_km': 2.131929284965321, 'worst_km': 2.1389490291221342, 'rms_km': 1.6883914823938344}}, {'lower_h': 1, 'upper_h': 3, 'prior': {'fixes': 52, 'best_km': 3.3814690263159584, 'median_km': 3.5654267141769806, 'p90_km': 3.9106128445567068, 'worst_km': 4.307450601863998, 'rms_km': 3.630776789326907}, 'ukf': {'fixes': 52, 'best_km': 3.060485461477924, 'median_km': 3.2446797511285315, 'p90_km': 3.58995104428991, 'worst_km': 3.9865107254452665, 'rms_km': 3.3106703451218413}, 'batch': {'fixes': 52, 'best_km': 1.0951553371977087, 'median_km': 1.2850948324695475, 'p90_km': 1.6312249734399984, 'worst_km': 2.025429429805113, 'rms_km': 1.3614867292654336}}, {'lower_h': 3, 'upper_h': 6, 'prior': {'fixes': 78, 'best_km': 2.2883508515474063, 'median_km': 2.922593927344697, 'p90_km': 3.292210587433049, 'worst_km': 3.5634751194704872, 'rms_km': 2.9397298543575965}, 'ukf': {'fixes': 78, 'best_km': 1.973471051585821, 'median_km': 2.6015382336051913, 'p90_km': 2.974719916989, 'worst_km': 3.245008130317113, 'rms_km': 2.6221712211552153}, 'batch': {'fixes': 78, 'best_km': 0.37471458956943465, 'median_km': 0.6583745157192881, 'p90_km': 1.0759125940250478, 'worst_km': 1.3230620688787578, 'rms_km': 0.7518424219644696}}, {'lower_h': 6, 'upper_h': 12, 'prior': {'fixes': 179, 'best_km': 1.1479334513123922, 'median_km': 2.126637874205811, 'p90_km': 2.939676989603467, 'worst_km': 3.091565568531191, 'rms_km': 2.16337472616621}, 'ukf': {'fixes': 179, 'best_km': 0.833114414409986, 'median_km': 1.8102681314989097, 'p90_km': 2.61837099497277, 'worst_km': 2.7701309082749477, 'rms_km': 1.8558898321782273}, 'batch': {'fixes': 179, 'best_km': 0.04058425369087472, 'median_km': 0.4856977538125716, 'p90_km': 1.0297183505634298, 'worst_km': 1.1767057658676028, 'rms_km': 0.6202068414497044}}, {'lower_h': 12, 'upper_h': 24, 'prior': {'fixes': 330, 'best_km': 0.4267175503281333, 'median_km': 1.2267051095290742, 'p90_km': 2.5248449366904158, 'worst_km': 2.6430449815133734, 'rms_km': 1.5409858420154599}, 'ukf': {'fixes': 330, 'best_km': 0.18799017389653577, 'median_km': 1.1147691424354274, 'p90_km': 2.2374045665870925, 'worst_km': 2.3213539119432576, 'rms_km': 1.4516660967193586}, 'batch': {'fixes': 330, 'best_km': 0.2546840421426869, 'median_km': 1.5541247734907695, 'p90_km': 3.751750968723433, 'worst_km': 4.232283474424292, 'rms_km': 2.231916413824717}})",11,2.670352914811693,2.7455769457806714,2.861541557030949,2.8991011388183754,2.7611659902797934,11,2.3497210020727395,2.4254090354154187,2.541855445255831,2.5795075996632217,2.4411703151196824,11,0.4002016420182696,0.49397049373763385,0.6216191887895285,0.6603133077655764,0.5146342690776156
FOREST-19,e629dfe8-8210-4af9-a61d-f02b5377a4fd,SVALSAT,1777871511.150377,1777871989.540117,357,242,115,True,0.2623239884112749,0.23357124025251108,910.334734967033,0.1679185800835097,9.12475720538561,866.2838947439478,214309.1806011256,"({'lower_h': 0, 'upper_h': 1, 'prior': {'fixes': 59, 'best_km': 1.9744903458366105, 'median_km': 2.4771648869239558, 'p90_km': 3.060448394294868, 'worst_km': 3.1106194863443264, 'rms_km': 2.537411072506799}, 'ukf': {'fixes': 59, 'best_km': 0.3310561061125385, 'median_km': 0.5800118169703202, 'p90_km': 1.1056661529887757, 'worst_km': 1.1648469976443812, 'rms_km': 0.7315921632504707}, 'batch': {'fixes': 59, 'best_km': 0.754249328335993, 'median_km': 1.2321704101724489, 'p90_km': 1.8016117232196216, 'worst_km': 1.8556535083767187, 'rms_km': 1.3244934420422738}}, {'lower_h': 1, 'upper_h': 3, 'prior': {'fixes': 23, 'best_km': 1.9757653895489016, 'median_km': 2.3251876066906503, 'p90_km': 2.33900203930212, 'worst_km': 2.427800325249963, 'rms_km': 2.261223023340473}, 'ukf': {'fixes': 23, 'best_km': 0.24750953988379693, 'median_km': 0.3923013702701963, 'p90_km': 0.39953026636654543, 'worst_km': 0.5093705268623743, 'rms_km': 0.37608539421294546}, 'batch': {'fixes': 23, 'best_km': 0.7498407225781439, 'median_km': 1.064892335289608, 'p90_km': 1.0780964092452623, 'worst_km': 1.1747656159516826, 'rms_km': 1.0118109380392135}}, {'lower_h': 3, 'upper_h': 6, 'prior': {'fixes': 99, 'best_km': 1.1479334513123922, 'median_km': 2.1789883920470925, 'p90_km': 3.0376312860989807, 'worst_km': 3.091565568531191, 'rms_km': 2.243661204648082}, 'ukf': {'fixes': 99, 'best_km': 0.2252896770891494, 'median_km': 0.6144300269655901, 'p90_km': 1.0666235144649314, 'worst_km': 1.1122613234683703, 'rms_km': 0.6808067295101757}, 'batch': {'fixes': 99, 'best_km': 0.1307042074760474, 'median_km': 0.920679664550957, 'p90_km': 1.7697112487182824, 'worst_km': 1.8231769842647532, 'rms_km': 1.0967871412309067}}, {'lower_h': 6, 'upper_h': 12, 'prior': {'fixes': 239, 'best_km': 0.5870566134528752, 'median_km': 1.4521675927064066, 'p90_km': 2.5608421390211795, 'worst_km': 2.6430449815133734, 'rms_km': 1.7471623139517687}, 'ukf': {'fixes': 239, 'best_km': 0.2059384781881796, 'median_km': 0.6448687096329796, 'p90_km': 1.3163051052444261, 'worst_km': 2.2881642987959747, 'rms_km': 0.901562212272528}, 'batch': {'fixes': 239, 'best_km': 0.10398937736488183, 'median_km': 0.6219904889737218, 'p90_km': 1.3175323555991083, 'worst_km': 1.610314064162165, 'rms_km': 0.844452695138601}}, {'lower_h': 12, 'upper_h': 24, 'prior': {'fixes': 126, 'best_km': 0.4267175503281333, 'median_km': 0.8182302775223516, 'p90_km': 1.8756684552160041, 'worst_km': 1.942753990255261, 'rms_km': 1.19793642090799}, 'ukf': {'fixes': 126, 'best_km': 1.4917848702860175, 'median_km': 2.7872373414936513, 'p90_km': 3.847710121120969, 'worst_km': 3.924159115021939, 'rms_km': 3.0103289603902317}, 'batch': {'fixes': 126, 'best_km': 0.794166387186675, 'median_km': 2.074764644791527, 'p90_km': 3.136644678572831, 'worst_km': 3.211085400761938, 'rms_km': 2.3263173390783107}})",0,nan,nan,nan,nan,nan,0,nan,nan,nan,nan,nan,0,nan,nan,nan,nan,nan
