satellite,contact_id,station,raw_samples,doppler_nonnull,doppler_nonzero,doppler_above_floor,presented_samples,eligible,metadata_constant,raw_start_utc,raw_end_utc,presented_start_utc,presented_end_utc,gps_fixes_in_presented_window
FOREST-16,a6252615-8c19-4f78-a6f0-227e3da97c2e,SVALSAT,4134,1703,10,10,9,False,True,2026-05-03T09:40:40.060749+00:00,2026-05-03T10:09:27.049946+00:00,2026-05-03T10:01:16.884186+00:00,2026-05-03T10:01:24.893618+00:00,0
FOREST-16,b2bd28a8-6704-4a67-bd8b-2c84fb0473bc,AWARUA,4204,1721,297,297,297,False,True,2026-05-03T10:20:36.158720+00:00,2026-05-03T10:49:55.926637+00:00,2026-05-03T10:31:18.426844+00:00,2026-05-03T10:39:37.754525+00:00,0
FOREST-16,9adbc5c4-0b67-471e-a286-dda9a089a49f,SVALSAT,1543,443,0,0,0,False,True,2026-05-03T11:27:39+00:00,2026-05-03T11:38:36.577378+00:00,,,0
FOREST-16,7815ef69-da31-40ef-853c-e552ebe841cc,TROLL,3751,1488,0,0,0,False,True,2026-05-03T12:12:32.148990+00:00,2026-05-03T12:42:04.105706+00:00,,,0
FOREST-16,1c36ca34-a985-4809-9ca7-65e422e6c47d,SVALSAT,3568,1503,187,187,187,False,True,2026-05-03T12:56:20.055080+00:00,2026-05-03T13:22:21.964978+00:00,2026-05-03T13:07:11.460412+00:00,2026-05-03T13:14:46.719821+00:00,7
FOREST-16,e5d79f0b-730b-4832-becf-f716d7322784,PUNTA_ARENAS,4267,1749,340,340,340,True,True,2026-05-03T15:31:25.050098+00:00,2026-05-03T16:00:51.081325+00:00,2026-05-03T15:42:15.405285+00:00,2026-05-03T15:49:59.655731+00:00,6
FOREST-16,bcec2df5-c0d0-4e89-91ae-f0568424de8a,SVALSAT,3623,1533,44,44,44,False,True,2026-05-03T17:50:03.055974+00:00,2026-05-03T18:15:58.955542+00:00,2026-05-03T18:00:40.520348+00:00,2026-05-03T18:02:07.617611+00:00,2
FOREST-16,82723fb0-59f4-4de8-ac05-f9f3d9a7dcc7,SVALSAT,2529,938,252,252,252,False,True,2026-05-03T19:35:01.058298+00:00,2026-05-03T19:50:52.619807+00:00,2026-05-03T19:39:48.218286+00:00,2026-05-03T19:44:49.403602+00:00,1
FOREST-16,7cb89272-0ba6-4eaf-8445-917ec34e727e,HARTEBEESTHOEK,2349,883,278,278,192,False,True,2026-05-03T21:39:48.182416+00:00,2026-05-03T21:54:30.671411+00:00,2026-05-03T21:40:25.189144+00:00,2026-05-03T21:51:03.539207+00:00,11
FOREST-16,2a45c0d3-c3e9-45e8-a11f-5dbf6bda0693,SVALSAT,2841,1040,110,110,110,False,True,2026-05-03T22:47:21.056960+00:00,2026-05-03T23:05:01.746432+00:00,2026-05-03T22:49:21.113395+00:00,2026-05-03T22:51:49.208673+00:00,2
FOREST-16,33061519-fa11-49e4-becd-6c770efd6e11,SVALSAT,2863,1048,475,475,475,True,True,2026-05-04T00:23:14.048872+00:00,2026-05-04T00:40:56.689500+00:00,2026-05-04T00:26:50.187208+00:00,2026-05-04T00:36:32.536875+00:00,1
FOREST-16,85ec563d-ecb0-4c0b-9b2d-eeb9cec80587,SVALSAT,2843,1042,6,6,6,False,True,2026-05-04T01:58:43.060348+00:00,2026-05-04T02:16:21.696483+00:00,2026-05-04T02:01:32.182395+00:00,2026-05-04T02:01:37.178550+00:00,0
FOREST-16,556b1cfa-0a8e-4d19-8f95-b123fd47cd60,PUNTA_ARENAS,2912,1070,405,405,401,True,True,2026-05-04T02:35:53.050254+00:00,2026-05-04T02:53:42.663590+00:00,2026-05-04T02:39:19.219744+00:00,2026-05-04T02:49:56.523857+00:00,11
FOREST-17,c12b9960-e925-4286-9cd1-6a887d4e8289,SVALSAT,4150,1709,0,0,0,False,True,2026-05-03T09:40:38.191475+00:00,2026-05-03T10:09:32.948508+00:00,,,0
FOREST-17,75d4144d-d3fc-4e18-8f14-b17da65092cb,AWARUA,2295,765,0,0,0,False,True,2026-05-03T10:30:06.106340+00:00,2026-05-03T10:42:51+00:00,,,0
FOREST-17,118e1a7d-4ae2-4982-a40b-7d6eb0ead2e4,TROLL,3689,1464,0,0,0,False,True,2026-05-03T10:36:52.106507+00:00,2026-05-03T11:06:10.080052+00:00,,,0
FOREST-17,dc06b459-269d-446a-97ef-9b6febcd8679,SVALSAT,1979,658,247,247,247,False,True,2026-05-03T11:27:41.154902+00:00,2026-05-03T11:38:44+00:00,2026-05-03T11:28:51.196429+00:00,2026-05-03T11:38:13.465414+00:00,0
FOREST-17,0a2e4679-2976-4bed-bd7a-ffd4f45e0a60,TROLL,2085,655,0,0,0,False,True,2026-05-03T12:22:12+00:00,2026-05-03T12:35:06.543016+00:00,,,0
FOREST-17,6569e3a1-7aa1-4ff3-a2c0-cd1cd88fd85a,SVALSAT,3617,1525,213,213,213,False,True,2026-05-03T12:56:30.150282+00:00,2026-05-03T13:22:38.992042+00:00,2026-05-03T13:07:21.493384+00:00,2026-05-03T13:14:53.798579+00:00,8
FOREST-17,4ef3b909-6d7f-460d-bf48-41aed65abf0a,TROLL,3659,1458,0,0,0,False,True,2026-05-03T13:48:19.093456+00:00,2026-05-03T14:17:19.125152+00:00,,,0
FOREST-17,5233c319-41fd-4896-847f-112ddfe9c56d,TROLL,3550,1422,264,264,264,False,True,2026-05-03T16:58:11.141154+00:00,2026-05-03T17:26:34.092114+00:00,2026-05-03T17:10:33.509256+00:00,2026-05-03T17:18:29.828082+00:00,0
FOREST-17,74df0163-cf66-41f9-b960-409fca756c93,SVALSAT,3680,1558,51,51,51,False,True,2026-05-03T17:50:30.174645+00:00,2026-05-03T18:16:35.006705+00:00,2026-05-03T18:01:08.495501+00:00,2026-05-03T18:02:21.531640+00:00,1
FOREST-17,2610bd5f-3a3f-4756-be38-d31392d4324c,HARTEBEESTHOEK,2834,1044,368,368,349,True,True,2026-05-03T20:03:32.133648+00:00,2026-05-03T20:20:55.764887+00:00,2026-05-03T20:04:03.162277+00:00,2026-05-03T20:13:59.537732+00:00,7
FOREST-17,36c92afa-8853-4630-a788-ad2e63912d51,TROLL,2544,889,370,370,370,True,True,2026-05-03T21:51:59.119639+00:00,2026-05-03T22:09:43.700544+00:00,2026-05-03T21:54:34.185557+00:00,2026-05-03T22:04:24.590709+00:00,10
FOREST-17,d61bfc77-1d1c-4e82-91fd-6e7489e73cb3,SVALSAT,2859,1046,103,103,103,False,True,2026-05-03T22:48:07.142387+00:00,2026-05-03T23:05:54.694529+00:00,2026-05-03T22:50:05.198813+00:00,2026-05-03T22:53:09.312098+00:00,2
FOREST-17,d623db96-56fd-4783-9f1e-bf3933f4dbd8,PUNTA_ARENAS,2545,947,344,344,344,True,True,2026-05-04T01:02:54.061707+00:00,2026-05-04T01:18:41.547445+00:00,2026-05-04T01:06:44.176799+00:00,2026-05-04T01:13:48.439478+00:00,5
FOREST-17,01448cbd-3659-4184-89c2-7883e4a3c6c7,SVALSAT,2843,1040,62,62,62,False,True,2026-05-04T01:59:41.097891+00:00,2026-05-04T02:17:24.702523+00:00,2026-05-04T02:02:09.187411+00:00,2026-05-04T02:03:18.224597+00:00,1
FOREST-17,9303555b-beda-4b39-ac33-b6df9a7e9952,SVALSAT,2836,1039,240,240,240,False,True,2026-05-04T03:35:06.058524+00:00,2026-05-04T03:52:44.796130+00:00,2026-05-04T03:37:43.144481+00:00,2026-05-04T03:48:32.569257+00:00,6
FOREST-18,53eafac8-7eae-4d9b-8adc-9066c668410c,SVALSAT,4111,1692,0,0,0,False,True,2026-05-03T09:40:41.120205+00:00,2026-05-03T10:09:27.977468+00:00,,,0
FOREST-18,3ccef2f9-751b-4153-b810-267dd4c64a31,AWARUA,429,143,0,0,0,False,True,2026-05-03T10:30:02.157114+00:00,2026-05-03T10:32:25+00:00,,,0
FOREST-18,ca8d1c55-2725-4217-bc02-13672ceec9ae,SVALSAT,3930,1637,0,0,0,False,True,2026-05-03T11:18:07.087341+00:00,2026-05-03T11:45:43.995110+00:00,,,0
FOREST-18,a1bdfcbb-ff7d-47af-8ba1-7fb37ee15e65,SVALSAT,1228,396,0,0,0,False,True,2026-05-03T11:31:17+00:00,2026-05-03T11:38:32+00:00,,,0
FOREST-18,6d7785df-a7a7-4963-8fcc-bdebf3a6dc80,TROLL,2323,774,72,72,71,False,True,2026-05-03T12:22:00.107874+00:00,2026-05-03T12:34:55+00:00,2026-05-03T12:24:13.202667+00:00,2026-05-03T12:34:40.516597+00:00,10
FOREST-18,f1550be3-6ca0-48b2-bd87-da21c1e885b6,SVALSAT,3636,1538,0,0,0,False,True,2026-05-03T12:56:19.140207+00:00,2026-05-03T13:22:20.084922+00:00,,,0
FOREST-18,a5dc9c5c-0fb7-4bc9-9ba3-89a37ff6fac1,SVALSAT,1756,628,0,0,0,False,True,2026-05-03T13:06:52+00:00,2026-05-03T13:17:49.469197+00:00,,,0
FOREST-18,b2015720-f0bb-48e7-b19a-131a592c9501,PUNTA_ARENAS,3608,1525,29,29,29,False,True,2026-05-03T13:56:45.053388+00:00,2026-05-03T14:22:37.918427+00:00,2026-05-03T14:08:47.471582+00:00,2026-05-03T14:10:39.528736+00:00,2
FOREST-18,49e74a6c-b21d-46c0-87bb-e4195b4a0dab,PUNTA_ARENAS,4017,1663,487,487,471,True,True,2026-05-03T17:07:14.061741+00:00,2026-05-03T17:35:22.002084+00:00,2026-05-03T17:18:55.440628+00:00,2026-05-03T17:28:01.741531+00:00,9
FOREST-18,6c22b929-f451-4e3f-bc5d-fc4e230c6c02,SVALSAT,3624,1535,32,32,32,False,True,2026-05-03T17:50:01.097961+00:00,2026-05-03T18:15:55.085095+00:00,2026-05-03T18:00:37.493457+00:00,2026-05-03T18:01:43.556265+00:00,1
FOREST-18,5f62261f-f193-475b-ad2d-94a8b9fd0e75,SVALSAT,1676,581,0,0,0,False,True,2026-05-03T18:00:19+00:00,2026-05-03T18:10:18.481309+00:00,,,0
FOREST-18,48de3125-1fd3-40df-be87-5fc55aa2485f,TROLL,2557,892,341,341,341,True,True,2026-05-03T20:15:20.081551+00:00,2026-05-03T20:33:08.697798+00:00,2026-05-03T20:18:25.198752+00:00,2026-05-03T20:28:19.546636+00:00,10
FOREST-18,2735b79f-1ae2-4be6-9b13-774d026efd72,SVALSAT,2117,697,339,339,336,True,True,2026-05-03T21:12:35.105666+00:00,2026-05-03T21:24:38+00:00,2026-05-03T21:13:16.051067+00:00,2026-05-03T21:23:40.437676+00:00,4
FOREST-18,7654ef67-7aba-4f18-bf0a-65eacc1b6a22,SVALSAT,2857,1049,339,339,339,True,True,2026-05-03T22:47:18.129477+00:00,2026-05-03T23:04:57.723599+00:00,2026-05-03T22:49:19.221401+00:00,2026-05-03T23:00:58.667437+00:00,3
FOREST-18,105f1f16-870e-4658-9a38-41c74ea5939c,TROLL,2309,812,322,322,322,True,True,2026-05-03T23:28:25.108077+00:00,2026-05-03T23:44:45.634323+00:00,2026-05-03T23:31:14.182410+00:00,2026-05-03T23:39:09.458704+00:00,7
FOREST-18,8db51bff-de04-4287-b3c8-4f949e7a8df1,AWARUA,2485,928,342,342,337,True,True,2026-05-04T01:20:16.264068+00:00,2026-05-04T01:35:43.599906+00:00,2026-05-04T01:23:19.261813+00:00,2026-05-04T01:32:09.500393+00:00,8
FOREST-18,7f6f30f5-0820-469d-9ab6-71b9523e8939,SVALSAT,2805,1024,170,170,170,False,True,2026-05-04T01:58:39.310713+00:00,2026-05-04T02:16:15.689935+00:00,2026-05-04T02:01:18.301457+00:00,2026-05-04T02:08:06.448033+00:00,0
FOREST-18,4d451626-a662-4148-8369-abbcd6001b6a,PUNTA_ARENAS,2504,934,212,212,212,False,True,2026-05-04T04:13:06.056800+00:00,2026-05-04T04:28:39.548511+00:00,2026-05-04T04:16:11.165606+00:00,2026-05-04T04:24:33.539715+00:00,9
FOREST-19,4a452e93-b302-4029-b583-7e0e061cbc64,SVALSAT,4097,1685,0,0,0,False,True,2026-05-03T09:40:41.142928+00:00,2026-05-03T10:09:28.976325+00:00,,,0
FOREST-19,827d2f56-abc5-46cf-97b9-bc8883c9acca,SVALSAT,2855,1064,0,0,0,False,True,2026-05-03T09:46:29.065422+00:00,2026-05-03T10:04:28.670885+00:00,,,0
FOREST-19,dc8c6112-48a4-4713-8b24-daa04ac09048,SVALSAT,1431,475,0,0,0,False,True,2026-05-03T09:53:00+00:00,2026-05-03T10:01:00+00:00,,,0
FOREST-19,28e194fe-197d-4ec1-b4e4-c206bc5ebb54,AWARUA,331,110,84,84,70,False,True,2026-05-03T10:40:55+00:00,2026-05-03T10:42:45+00:00,2026-05-03T10:40:56.219612+00:00,2026-05-03T10:42:29.338365+00:00,0
FOREST-19,7825d181-49f4-46e5-9bfe-0e9a99500190,AWARUA,3466,1405,0,0,0,False,True,2026-05-03T11:57:22.188431+00:00,2026-05-03T12:20:59.983401+00:00,,,0
FOREST-19,a22fbafe-9e67-4eb3-b02b-7f108aa1b80b,TROLL,2322,774,189,189,189,False,True,2026-05-03T12:22:00.108505+00:00,2026-05-03T12:34:54.651116+00:00,2026-05-03T12:24:37.303260+00:00,2026-05-03T12:32:52.578205+00:00,3
FOREST-19,f80c6227-6cc9-441f-ae4f-13c37b361b00,SVALSAT,3622,1531,148,148,148,False,True,2026-05-03T12:56:20.117565+00:00,2026-05-03T13:22:20.019669+00:00,2026-05-03T13:07:07.540632+00:00,2026-05-03T13:13:17.656160+00:00,4
FOREST-19,2e914640-332d-4846-8126-0c7d58e2a568,TROLL,3542,1418,156,156,156,False,True,2026-05-03T15:23:04.078930+00:00,2026-05-03T15:51:28.079573+00:00,2026-05-03T15:35:44.538784+00:00,2026-05-03T15:40:23.709613+00:00,5
FOREST-19,399cf06a-3730-4818-8f75-270388e8fd0a,SVALSAT,3653,1549,275,275,275,False,True,2026-05-03T17:50:01.153676+00:00,2026-05-03T18:15:56.076481+00:00,2026-05-03T18:00:34.479490+00:00,2026-05-03T18:08:12.724352+00:00,7
FOREST-19,d2af3474-5932-431d-ae42-c7ce901c93ba,TROLL,2467,865,358,358,358,True,True,2026-05-03T18:40:28.112289+00:00,2026-05-03T18:57:41.703199+00:00,2026-05-03T18:43:07.219705+00:00,2026-05-03T18:52:27.545014+00:00,8
FOREST-19,5d035d45-52f9-4d77-86fa-7e4917f23992,SVALSAT,2736,1006,159,159,159,False,True,2026-05-03T21:11:15.059507+00:00,2026-05-03T21:28:19.760669+00:00,2026-05-03T21:17:47.314688+00:00,2026-05-03T21:21:59.455180+00:00,0
FOREST-19,8c5807c9-daa1-4957-a3a5-2711acfae882,SVALSAT,2842,1041,89,89,89,False,True,2026-05-03T22:47:18.096097+00:00,2026-05-03T23:04:57.652053+00:00,2026-05-03T22:49:13.185074+00:00,2026-05-03T22:52:04.293769+00:00,3
FOREST-19,df2618ab-46b7-49bb-a148-ea9f89466869,AWARUA,2878,1054,531,531,521,True,True,2026-05-03T23:44:06.241471+00:00,2026-05-04T00:01:54.810689+00:00,2026-05-03T23:47:15.296679+00:00,2026-05-03T23:58:01.646697+00:00,11
FOREST-19,c862d412-bfa6-4ff1-bd12-935e690521fb,SVALSAT,2837,1040,30,30,30,False,True,2026-05-04T01:58:39.126750+00:00,2026-05-04T02:16:16.644855+00:00,2026-05-04T02:00:37.156173+00:00,2026-05-04T02:01:46.222667+00:00,0
FOREST-19,e629dfe8-8210-4af9-a61d-f02b5377a4fd,SVALSAT,2831,1037,357,357,357,True,True,2026-05-04T05:09:13.048181+00:00,2026-05-04T05:26:49.694147+00:00,2026-05-04T05:11:51.150377+00:00,2026-05-04T05:19:49.540117+00:00,0
