configuration,spacecraft,cohort,denominator,statuses,local_successful,local_scored,local_median_rms_m,forecast_successful,forecast_scored,forecast_median_rms_m,target_achieved
L+n/1,pooled,all,38,"{""converged"": 31, ""screening_failed"": 7}",0,31,20333.156280413525,0,31,1205044.7976773195,False
L+n/1,pooled,matched,6,"{""converged"": 6}",0,6,20151.343368467307,0,6,480449.662412578,False
L+n/1,FOREST-16,all,8,"{""converged"": 7, ""screening_failed"": 1}",0,7,20333.156280413525,0,7,1328289.0116317333,False
L+n/1,FOREST-16,matched,1,"{""converged"": 1}",0,1,18876.443857205286,0,1,238138.15280232584,False
L+n/1,FOREST-17,all,9,"{""converged"": 7, ""screening_failed"": 2}",0,7,26857.417811303654,0,7,2896828.7897680304,False
L+n/1,FOREST-17,matched,1,"{""converged"": 1}",0,1,9261.283491054082,0,1,268107.6188309732,False
L+n/1,FOREST-18,all,11,"{""screening_failed"": 3, ""converged"": 8}",0,8,16764.981479732698,0,8,1284748.026012547,False
L+n/1,FOREST-18,matched,1,"{""converged"": 1}",0,1,50911.55754854548,0,1,5654158.113978092,False
L+n/1,FOREST-19,all,10,"{""converged"": 9, ""screening_failed"": 1}",0,9,15399.769447127293,0,9,460047.4722291606,False
L+n/1,FOREST-19,matched,3,"{""converged"": 3}",0,3,21426.24287972933,0,3,692791.7059941827,False
L+n/3,pooled,all,38,"{""warm_up"": 5, ""converged"": 26, ""screening_failed"": 7}",0,26,16373.822983988786,0,26,70061.43845573568,False
L+n/3,pooled,matched,6,"{""converged"": 6}",0,6,19169.075876469746,0,6,74263.20234841263,False
L+n/3,FOREST-16,all,8,"{""warm_up"": 1, ""converged"": 6, ""screening_failed"": 1}",0,6,18303.32919920994,0,6,86393.08919689749,False
L+n/3,FOREST-16,matched,1,"{""converged"": 1}",0,1,18882.959100224674,0,1,22084.5194521166,False
L+n/3,FOREST-17,all,9,"{""warm_up"": 1, ""converged"": 6, ""screening_failed"": 2}",0,6,15457.954452783644,0,6,64422.79224688767,False
L+n/3,FOREST-17,matched,1,"{""converged"": 1}",0,1,9430.373698727812,0,1,107282.45120208834,False
L+n/3,FOREST-18,all,11,"{""screening_failed"": 3, ""warm_up"": 2, ""converged"": 6}",0,6,11635.21858283298,0,6,70061.43845573568,False
L+n/3,FOREST-18,matched,1,"{""converged"": 1}",0,1,24606.654223926056,0,1,220561.32864863198,False
L+n/3,FOREST-19,all,10,"{""warm_up"": 1, ""converged"": 8, ""screening_failed"": 1}",0,8,16560.270953129555,0,8,78754.87344344205,False
L+n/3,FOREST-19,matched,3,"{""converged"": 3}",0,3,19455.19265271482,0,3,41243.95349473692,False
L+n/5,pooled,all,38,"{""warm_up"": 13, ""screening_failed"": 7, ""converged"": 18}",0,18,14079.855275485203,0,18,38034.569400553664,False
L+n/5,pooled,matched,6,"{""converged"": 6}",0,6,18836.810994819476,0,6,25927.01600011922,False
L+n/5,FOREST-16,all,8,"{""warm_up"": 3, ""screening_failed"": 1, ""converged"": 4}",0,4,15574.099849459688,0,4,36959.01812792884,False
L+n/5,FOREST-16,matched,1,"{""converged"": 1}",0,1,18907.341593320984,0,1,27128.943140802166,False
L+n/5,FOREST-17,all,9,"{""warm_up"": 3, ""screening_failed"": 2, ""converged"": 4}",0,4,13835.366739556048,0,4,53766.38526350778,False
L+n/5,FOREST-17,matched,1,"{""converged"": 1}",0,1,9664.72359100613,0,1,21576.552893101012,False
L+n/5,FOREST-18,all,11,"{""screening_failed"": 3, ""warm_up"": 4, ""converged"": 4}",0,4,15926.439112975535,0,4,35987.49302050442,False
L+n/5,FOREST-18,matched,1,"{""converged"": 1}",0,1,18766.28039631797,0,1,22323.641253345148,False
L+n/5,FOREST-19,all,10,"{""warm_up"": 3, ""converged"": 6, ""screening_failed"": 1}",0,6,14375.869587382194,0,6,35853.00589837173,False
L+n/5,FOREST-19,matched,3,"{""converged"": 3}",0,3,19015.59882093626,0,3,37086.04464288408,False
L+n/8,pooled,all,38,"{""warm_up"": 25, ""screening_failed"": 7, ""converged"": 6}",0,6,16343.822777301495,0,6,32062.638211165307,False
L+n/8,pooled,matched,6,"{""converged"": 6}",0,6,16343.822777301495,0,6,32062.638211165307,False
L+n/8,FOREST-16,all,8,"{""warm_up"": 6, ""screening_failed"": 1, ""converged"": 1}",0,1,18840.153236634636,0,1,31150.13829424095,False
L+n/8,FOREST-16,matched,1,"{""converged"": 1}",0,1,18840.153236634636,0,1,31150.13829424095,False
L+n/8,FOREST-17,all,9,"{""warm_up"": 6, ""screening_failed"": 2, ""converged"": 1}",0,1,10746.754779403665,0,1,30748.01652796867,False
L+n/8,FOREST-17,matched,1,"{""converged"": 1}",0,1,10746.754779403665,0,1,30748.01652796867,False
L+n/8,FOREST-18,all,11,"{""screening_failed"": 3, ""warm_up"": 7, ""converged"": 1}",0,1,19497.274878967422,0,1,47464.46454010178,False
L+n/8,FOREST-18,matched,1,"{""converged"": 1}",0,1,19497.274878967422,0,1,47464.46454010178,False
L+n/8,FOREST-19,all,10,"{""warm_up"": 6, ""converged"": 3, ""screening_failed"": 1}",0,3,13847.492317968352,0,3,32975.13812808967,False
L+n/8,FOREST-19,matched,3,"{""converged"": 3}",0,3,13847.492317968352,0,3,32975.13812808967,False
L+n/archived-control,pooled,all,38,"{""converged"": 38}",0,38,352688.41144615354,0,38,7680308.581137432,False
L+n/archived-control,pooled,matched,6,"{""converged"": 6}",0,6,327414.8575846293,0,6,5363318.973700255,False
L+n/archived-control,FOREST-16,all,8,"{""converged"": 8}",0,8,829034.0075734778,0,8,8504571.236302977,False
L+n/archived-control,FOREST-16,matched,1,"{""converged"": 1}",0,1,175584.9304046261,0,1,5830165.057264869,False
L+n/archived-control,FOREST-17,all,9,"{""converged"": 9}",0,9,471332.4689488379,0,9,8339744.019924947,False
L+n/archived-control,FOREST-17,matched,1,"{""converged"": 1}",0,1,479244.7847646326,0,1,4896472.89013564,False
L+n/archived-control,FOREST-18,all,11,"{""converged"": 11}",0,11,181094.60274409753,0,11,7005088.022577549,False
L+n/archived-control,FOREST-18,matched,1,"{""converged"": 1}",0,1,1481627.1840756286,0,1,2629802.7578863897,False
L+n/archived-control,FOREST-19,all,10,"{""converged"": 10}",0,10,143615.30472035424,0,10,7244145.899129018,False
L+n/archived-control,FOREST-19,matched,3,"{""converged"": 3}",0,3,129109.60689181309,0,3,6577191.415520862,False
L+n/archived-robust,pooled,all,38,"{""converged"": 31, ""screening_failed"": 7}",0,31,20333.156280413525,0,31,1205044.7976773195,False
L+n/archived-robust,pooled,matched,6,"{""converged"": 6}",0,6,20151.343368467307,0,6,480449.662412578,False
L+n/archived-robust,FOREST-16,all,8,"{""converged"": 7, ""screening_failed"": 1}",0,7,20333.156280413525,0,7,1328289.0116317333,False
L+n/archived-robust,FOREST-16,matched,1,"{""converged"": 1}",0,1,18876.443857205286,0,1,238138.15280232584,False
L+n/archived-robust,FOREST-17,all,9,"{""screening_failed"": 2, ""converged"": 7}",0,7,26857.417811303654,0,7,2896828.7897680304,False
L+n/archived-robust,FOREST-17,matched,1,"{""converged"": 1}",0,1,9261.283491054082,0,1,268107.6188309732,False
L+n/archived-robust,FOREST-18,all,11,"{""converged"": 8, ""screening_failed"": 3}",0,8,16764.981479732698,0,8,1284748.026012547,False
L+n/archived-robust,FOREST-18,matched,1,"{""converged"": 1}",0,1,50911.55754854548,0,1,5654158.113978092,False
L+n/archived-robust,FOREST-19,all,10,"{""converged"": 9, ""screening_failed"": 1}",0,9,15399.769447127293,0,9,460047.4722291606,False
L+n/archived-robust,FOREST-19,matched,3,"{""converged"": 3}",0,3,21426.24287972933,0,3,692791.7059941827,False
L+n/condition,pooled,all,38,"{""selection_failed"": 5, ""converged"": 26, ""screening_failed"": 7}",0,26,14253.688543582313,0,26,33596.14991395724,False
L+n/condition,pooled,matched,6,"{""converged"": 6}",0,6,16309.275454302795,0,6,29786.391486432934,False
L+n/condition,FOREST-16,all,8,"{""selection_failed"": 1, ""converged"": 6, ""screening_failed"": 1}",0,6,14735.01565855764,0,6,33716.93173881668,False
L+n/condition,FOREST-16,matched,1,"{""converged"": 1}",0,1,18841.049042644085,0,1,31225.545506385668,False
L+n/condition,FOREST-17,all,9,"{""selection_failed"": 1, ""converged"": 6, ""screening_failed"": 2}",0,6,15282.773859208639,0,6,33254.672730605176,False
L+n/condition,FOREST-17,matched,1,"{""converged"": 1}",0,1,9223.9714947064,0,1,21305.998057513276,False
L+n/condition,FOREST-18,all,11,"{""screening_failed"": 3, ""selection_failed"": 2, ""converged"": 6}",0,6,11966.186263688058,0,6,43872.30685434413,False
L+n/condition,FOREST-18,matched,1,"{""converged"": 1}",0,1,19032.34192945046,0,1,30999.75275562427,False
L+n/condition,FOREST-19,all,10,"{""selection_failed"": 1, ""converged"": 8, ""screening_failed"": 1}",0,8,14637.852840603508,0,8,32571.341783956756,False
L+n/condition,FOREST-19,matched,3,"{""converged"": 3}",0,3,13777.501865961503,0,3,28573.0302172416,False
L+n/trace,pooled,all,38,"{""selection_failed"": 5, ""converged"": 26, ""screening_failed"": 7}",0,26,13933.260076953433,0,26,33981.999183508815,False
L+n/trace,pooled,matched,6,"{""converged"": 6}",0,6,16309.275454302795,0,6,32233.70834481935,False
L+n/trace,FOREST-16,all,8,"{""selection_failed"": 1, ""converged"": 6, ""screening_failed"": 1}",0,6,14735.01565855764,0,6,33716.93173881668,False
L+n/trace,FOREST-16,matched,1,"{""converged"": 1}",0,1,18841.049042644085,0,1,31225.545506385668,False
L+n/trace,FOREST-17,all,9,"{""selection_failed"": 1, ""converged"": 6, ""screening_failed"": 2}",0,6,15282.773859208639,0,6,33254.672730605176,False
L+n/trace,FOREST-17,matched,1,"{""converged"": 1}",0,1,9644.145175512725,0,1,21531.572614743713,False
L+n/trace,FOREST-18,all,11,"{""screening_failed"": 3, ""selection_failed"": 2, ""converged"": 6}",0,6,12260.251816570253,0,6,67474.24973706529,False
L+n/trace,FOREST-18,matched,1,"{""converged"": 1}",0,1,22291.23186696239,0,1,75733.82930495744,False
L+n/trace,FOREST-19,all,10,"{""selection_failed"": 1, ""converged"": 8, ""screening_failed"": 1}",0,8,14317.424373974627,0,8,36262.37754711971,False
L+n/trace,FOREST-19,matched,3,"{""converged"": 3}",0,3,13777.501865961503,0,3,33241.87118325304,False
L/1,pooled,all,38,"{""converged"": 31, ""screening_failed"": 7}",0,31,16892.479894416883,0,31,191900.64501971484,False
L/1,pooled,matched,6,"{""converged"": 6}",0,6,19159.71748062525,0,6,201178.21274730406,False
L/1,FOREST-16,all,8,"{""converged"": 7, ""screening_failed"": 1}",0,7,19252.073375382653,0,7,210311.93131176214,False
L/1,FOREST-16,matched,1,"{""converged"": 1}",0,1,19011.077242373878,0,1,210525.55470894894,False
L/1,FOREST-17,all,9,"{""converged"": 7, ""screening_failed"": 2}",0,7,16489.1749051594,0,7,180462.18698483834,False
L/1,FOREST-17,matched,1,"{""converged"": 1}",0,1,9214.069205886728,0,1,180462.18698483834,False
L/1,FOREST-18,all,11,"{""screening_failed"": 3, ""converged"": 8}",0,8,12577.51960618125,0,8,191129.59472889805,False
L/1,FOREST-18,matched,1,"{""converged"": 1}",0,1,19308.35771887662,0,1,194806.17112143303,False
L/1,FOREST-19,all,10,"{""converged"": 9, ""screening_failed"": 1}",0,9,16430.768313876597,0,9,203157.30409905806,False
L/1,FOREST-19,matched,3,"{""converged"": 3}",0,3,21102.74534707133,0,3,207550.25437317506,False
L/3,pooled,all,38,"{""warm_up"": 5, ""converged"": 26, ""screening_failed"": 7}",0,26,17721.346292234564,0,26,203908.3411934576,False
L/3,pooled,matched,6,"{""converged"": 6}",0,6,20064.32538027045,0,6,212693.62446433285,False
L/3,FOREST-16,all,8,"{""warm_up"": 1, ""converged"": 6, ""screening_failed"": 1}",0,6,24891.57902563214,0,6,223219.06744785194,False
L/3,FOREST-16,matched,1,"{""converged"": 1}",0,1,20086.320757895097,0,1,217457.46177965307,False
L/3,FOREST-17,all,9,"{""warm_up"": 1, ""converged"": 6, ""screening_failed"": 2}",0,6,17721.346292234564,0,6,186039.0121718839,False
L/3,FOREST-17,matched,1,"{""converged"": 1}",0,1,13190.5234380091,0,1,187851.4807256233,False
L/3,FOREST-18,all,11,"{""screening_failed"": 3, ""warm_up"": 2, ""converged"": 6}",0,6,15103.105892620224,0,6,196923.58773455455,False
L/3,FOREST-18,matched,1,"{""converged"": 1}",0,1,23798.907002040527,0,1,203777.40764375884,False
L/3,FOREST-19,all,10,"{""warm_up"": 1, ""converged"": 8, ""screening_failed"": 1}",0,8,14841.538822804085,0,8,213453.8383043059,False
L/3,FOREST-19,matched,3,"{""converged"": 3}",0,3,20042.330002645802,0,3,226766.2071509146,False
L/5,pooled,all,38,"{""warm_up"": 13, ""screening_failed"": 7, ""converged"": 18}",0,18,21876.18930265195,0,18,215282.61179200062,False
L/5,pooled,matched,6,"{""converged"": 6}",0,6,21977.22036758059,0,6,218881.7980155949,False
L/5,FOREST-16,all,8,"{""warm_up"": 3, ""screening_failed"": 1, ""converged"": 4}",0,4,33751.53141961055,0,4,234203.58521235746,False
L/5,FOREST-16,matched,1,"{""converged"": 1}",0,1,20267.982095087435,0,1,217919.12513146747,False
L/5,FOREST-17,all,9,"{""warm_up"": 3, ""screening_failed"": 2, ""converged"": 4}",0,4,24396.354273022473,0,4,195741.32672559534,False
L/5,FOREST-17,matched,1,"{""converged"": 1}",0,1,41240.70585468659,0,1,215090.82241182876,False
L/5,FOREST-18,all,11,"{""screening_failed"": 3, ""warm_up"": 4, ""converged"": 4}",0,4,27991.10502262336,0,4,210607.72025440424,False
L/5,FOREST-18,matched,1,"{""converged"": 1}",0,1,37716.00058781869,0,1,219844.4708997223,False
L/5,FOREST-19,all,10,"{""warm_up"": 3, ""converged"": 6, ""screening_failed"": 1}",0,6,20993.359918692855,0,6,224226.69197049778,False
L/5,FOREST-19,matched,3,"{""converged"": 3}",0,3,21278.743226696235,0,3,231299.90240354236,False
L/8,pooled,all,38,"{""warm_up"": 25, ""screening_failed"": 7, ""converged"": 6}",0,6,24051.577309687676,0,6,227147.0146397156,False
L/8,pooled,matched,6,"{""converged"": 6}",0,6,24051.577309687676,0,6,227147.0146397156,False
L/8,FOREST-16,all,8,"{""warm_up"": 6, ""screening_failed"": 1, ""converged"": 1}",0,1,23889.512787239415,0,1,224354.23338989617,False
L/8,FOREST-16,matched,1,"{""converged"": 1}",0,1,23889.512787239415,0,1,224354.23338989617,False
L/8,FOREST-17,all,9,"{""warm_up"": 6, ""screening_failed"": 2, ""converged"": 1}",0,1,43273.81013365308,0,1,216970.89172067938,False
L/8,FOREST-17,matched,1,"{""converged"": 1}",0,1,43273.81013365308,0,1,216970.89172067938,False
L/8,FOREST-18,all,11,"{""screening_failed"": 3, ""warm_up"": 7, ""converged"": 1}",0,1,47763.719584194856,0,1,229939.79588953507,False
L/8,FOREST-18,matched,1,"{""converged"": 1}",0,1,47763.719584194856,0,1,229939.79588953507,False
L/8,FOREST-19,all,10,"{""warm_up"": 6, ""converged"": 3, ""screening_failed"": 1}",0,3,24030.86117488632,0,3,234043.4995991142,False
L/8,FOREST-19,matched,3,"{""converged"": 3}",0,3,24030.86117488632,0,3,234043.4995991142,False
L/archived-control,pooled,all,38,"{""converged"": 38}",0,38,322669.6393389286,0,38,424555.2649924768,False
L/archived-control,pooled,matched,6,"{""converged"": 6}",0,6,339954.42584822944,0,6,518641.98742062657,False
L/archived-control,FOREST-16,all,8,"{""converged"": 8}",0,8,812443.5974639624,0,8,993867.9981094336,False
L/archived-control,FOREST-16,matched,1,"{""converged"": 1}",0,1,169227.15166710608,0,1,366619.7398468706,False
L/archived-control,FOREST-17,all,9,"{""converged"": 9}",0,9,510681.70002935285,0,9,670664.2349943825,False
L/archived-control,FOREST-17,matched,1,"{""converged"": 1}",0,1,510681.70002935285,0,1,670664.2349943825,False
L/archived-control,FOREST-18,all,11,"{""converged"": 11}",0,11,184552.7213606691,0,11,320337.89196427155,False
L/archived-control,FOREST-18,matched,1,"{""converged"": 1}",0,1,1507445.7193190842,0,1,1674564.7832703476,False
L/archived-control,FOREST-19,all,10,"{""converged"": 10}",0,10,164662.4289037425,0,10,357548.7585750383,False
L/archived-control,FOREST-19,matched,3,"{""converged"": 3}",0,3,125369.08344997697,0,3,308884.38573498215,False
L/archived-robust,pooled,all,38,"{""converged"": 31, ""screening_failed"": 7}",0,31,16892.479894416883,0,31,191900.64501971484,False
L/archived-robust,pooled,matched,6,"{""converged"": 6}",0,6,19159.71748062525,0,6,201178.21274730406,False
L/archived-robust,FOREST-16,all,8,"{""converged"": 7, ""screening_failed"": 1}",0,7,19252.073375382653,0,7,210311.93131176214,False
L/archived-robust,FOREST-16,matched,1,"{""converged"": 1}",0,1,19011.077242373878,0,1,210525.55470894894,False
L/archived-robust,FOREST-17,all,9,"{""screening_failed"": 2, ""converged"": 7}",0,7,16489.1749051594,0,7,180462.18698483834,False
L/archived-robust,FOREST-17,matched,1,"{""converged"": 1}",0,1,9214.069205886728,0,1,180462.18698483834,False
L/archived-robust,FOREST-18,all,11,"{""converged"": 8, ""screening_failed"": 3}",0,8,12577.51960618125,0,8,191129.59472889805,False
L/archived-robust,FOREST-18,matched,1,"{""converged"": 1}",0,1,19308.35771887662,0,1,194806.17112143303,False
L/archived-robust,FOREST-19,all,10,"{""converged"": 9, ""screening_failed"": 1}",0,9,16430.768313876597,0,9,203157.30409905806,False
L/archived-robust,FOREST-19,matched,3,"{""converged"": 3}",0,3,21102.74534707133,0,3,207550.25437317506,False
L/condition,pooled,all,38,"{""selection_failed"": 5, ""converged"": 26, ""screening_failed"": 7}",0,26,23449.648048517647,0,26,215966.0795436732,False
L/condition,pooled,matched,6,"{""converged"": 6}",0,6,31349.895144514852,0,6,225425.7535577296,False
L/condition,FOREST-16,all,8,"{""selection_failed"": 1, ""converged"": 6, ""screening_failed"": 1}",0,6,33240.14371435268,0,6,235458.2799066127,False
L/condition,FOREST-16,matched,1,"{""converged"": 1}",0,1,23522.803690543406,0,1,223818.58675734693,False
L/condition,FOREST-17,all,9,"{""selection_failed"": 1, ""converged"": 6, ""screening_failed"": 2}",0,6,22318.184181150304,0,6,187284.95578277664,False
L/condition,FOREST-17,matched,1,"{""converged"": 1}",0,1,42896.98012776067,0,1,216622.47981212908,False
L/condition,FOREST-18,all,11,"{""screening_failed"": 3, ""selection_failed"": 2, ""converged"": 6}",0,6,22343.849883998428,0,6,202909.74110182517,False
L/condition,FOREST-18,matched,1,"{""converged"": 1}",0,1,44824.632015117706,0,1,227032.92035811223,False
L/condition,FOREST-19,all,10,"{""selection_failed"": 1, ""converged"": 8, ""screening_failed"": 1}",0,8,19606.112643433156,0,8,219475.44446796825,False
L/condition,FOREST-19,matched,3,"{""converged"": 3}",0,3,23376.49240649189,0,3,233398.43758763425,False
L/trace,pooled,all,38,"{""selection_failed"": 5, ""converged"": 26, ""screening_failed"": 7}",0,26,22990.40395493255,0,26,215203.9678331978,False
L/trace,pooled,matched,6,"{""converged"": 6}",0,6,23449.648048517647,0,6,227738.09230750974,False
L/trace,FOREST-16,all,8,"{""selection_failed"": 1, ""converged"": 6, ""screening_failed"": 1}",0,6,33240.14371435268,0,6,235458.2799066127,False
L/trace,FOREST-16,matched,1,"{""converged"": 1}",0,1,23522.803690543406,0,1,223818.58675734693,False
L/trace,FOREST-17,all,9,"{""selection_failed"": 1, ""converged"": 6, ""screening_failed"": 2}",0,6,22318.184181150304,0,6,187284.95578277664,False
L/trace,FOREST-17,matched,1,"{""converged"": 1}",0,1,41203.60045074892,0,1,215056.50195805912,False
L/trace,FOREST-18,all,11,"{""screening_failed"": 3, ""selection_failed"": 2, ""converged"": 6}",0,6,25906.901464342256,0,6,207306.30819513695,False
L/trace,FOREST-18,matched,1,"{""converged"": 1}",0,1,49512.881393234224,0,1,231657.59785767258,False
L/trace,FOREST-19,all,10,"{""selection_failed"": 1, ""converged"": 8, ""screening_failed"": 1}",0,8,19606.112643433156,0,8,218804.544951603,False
L/trace,FOREST-19,matched,3,"{""converged"": 3}",0,3,22747.974177262695,0,3,233398.43758763425,False
six/1,pooled,all,38,"{""converged"": 30, ""screening_failed"": 7, ""fit_error"": 1}",0,30,268306.0310022415,0,29,2459389.5211523687,False
six/1,pooled,matched,6,"{""converged"": 5, ""fit_error"": 1}",0,5,237907.945768245,0,5,2308276.727691268,False
six/1,FOREST-16,all,8,"{""converged"": 7, ""screening_failed"": 1}",0,7,307536.0766887502,0,7,2576714.473240241,False
six/1,FOREST-16,matched,1,"{""converged"": 1}",0,1,287237.8500225248,0,1,879333.1536485493,False
six/1,FOREST-17,all,9,"{""converged"": 7, ""screening_failed"": 2}",0,7,287391.7666674051,0,7,2388258.245969014,False
six/1,FOREST-17,matched,1,"{""converged"": 1}",0,1,160296.11797252012,0,1,2308276.727691268,False
six/1,FOREST-18,all,11,"{""screening_failed"": 3, ""converged"": 8}",0,8,184340.03035900107,0,8,1838676.796444781,False
six/1,FOREST-18,matched,1,"{""converged"": 1}",0,1,580430.4578840663,0,1,4310387.087379063,False
six/1,FOREST-19,all,10,"{""converged"": 8, ""fit_error"": 1, ""screening_failed"": 1}",0,8,272503.65890839975,0,7,3113239.3247546093,False
six/1,FOREST-19,matched,3,"{""fit_error"": 1, ""converged"": 2}",0,2,151658.1093432971,0,2,1734252.9688069783,False
six/3,pooled,all,38,"{""warm_up"": 5, ""converged"": 26, ""screening_failed"": 7}",2,26,49930.20095984396,0,26,385438.4016287365,False
six/3,pooled,matched,6,"{""converged"": 6}",0,6,106171.83404310672,0,6,1720257.7022590735,False
six/3,FOREST-16,all,8,"{""warm_up"": 1, ""converged"": 6, ""screening_failed"": 1}",0,6,67338.0499698558,0,6,333838.1823356579,False
six/3,FOREST-16,matched,1,"{""converged"": 1}",0,1,22885.995847717317,0,1,560365.2990251209,False
six/3,FOREST-17,all,9,"{""warm_up"": 1, ""converged"": 6, ""screening_failed"": 2}",1,6,56444.714877357095,0,6,385438.4016287365,False
six/3,FOREST-17,matched,1,"{""converged"": 1}",0,1,157131.5187672193,0,1,960988.4278073384,False
six/3,FOREST-18,all,11,"{""screening_failed"": 3, ""warm_up"": 2, ""converged"": 6}",1,6,6146.544079234156,0,6,57091.08849732444,False
six/3,FOREST-18,matched,1,"{""converged"": 1}",0,1,295248.50566276914,0,1,3377566.679250212,False
six/3,FOREST-19,all,10,"{""warm_up"": 1, ""converged"": 8, ""screening_failed"": 1}",0,8,155465.63660794808,0,8,637688.1562744163,False
six/3,FOREST-19,matched,3,"{""converged"": 3}",0,3,55212.14931899415,0,3,2479526.9767108085,False
six/5,pooled,all,38,"{""warm_up"": 13, ""screening_failed"": 7, ""converged"": 18}",8,18,5141.726413822196,0,18,38892.22502808278,False
six/5,pooled,matched,6,"{""converged"": 6}",3,6,4119.718777165351,0,6,22930.337812811835,False
six/5,FOREST-16,all,8,"{""warm_up"": 3, ""screening_failed"": 1, ""converged"": 4}",1,4,6581.694219664365,0,4,28111.85232891525,False
six/5,FOREST-16,matched,1,"{""converged"": 1}",0,1,5137.868343476144,0,1,15352.659880229588,False
six/5,FOREST-17,all,9,"{""warm_up"": 3, ""screening_failed"": 2, ""converged"": 4}",1,4,5274.521583259122,0,4,48710.88354150028,False
six/5,FOREST-17,matched,1,"{""converged"": 1}",0,1,5145.584484168248,0,1,63231.01646825029,False
six/5,FOREST-18,all,11,"{""screening_failed"": 3, ""warm_up"": 4, ""converged"": 4}",4,4,3347.0294798054556,0,4,32342.947909877163,False
six/5,FOREST-18,matched,1,"{""converged"": 1}",1,1,1628.3544903305567,0,1,30508.01574539408,False
six/5,FOREST-19,all,10,"{""warm_up"": 3, ""converged"": 6, ""screening_failed"": 1}",2,6,11298.476153299656,0,6,64321.4995912272,False
six/5,FOREST-19,matched,3,"{""converged"": 3}",2,3,3101.5692108545577,0,3,11515.804567063351,False
six/8,pooled,all,38,"{""warm_up"": 25, ""screening_failed"": 7, ""converged"": 6}",5,6,3679.5937217260216,0,6,27908.407079643264,False
six/8,pooled,matched,6,"{""converged"": 6}",5,6,3679.5937217260216,0,6,27908.407079643264,False
six/8,FOREST-16,all,8,"{""warm_up"": 6, ""screening_failed"": 1, ""converged"": 1}",1,1,3340.201178520011,0,1,20627.896776711917,False
six/8,FOREST-16,matched,1,"{""converged"": 1}",1,1,3340.201178520011,0,1,20627.896776711917,False
six/8,FOREST-17,all,9,"{""warm_up"": 6, ""screening_failed"": 2, ""converged"": 1}",1,1,4522.6421844308325,0,1,33378.952887538,False
six/8,FOREST-17,matched,1,"{""converged"": 1}",1,1,4522.6421844308325,0,1,33378.952887538,False
six/8,FOREST-18,all,11,"{""screening_failed"": 3, ""warm_up"": 7, ""converged"": 1}",1,1,1674.5320404160093,0,1,19475.620479752197,False
six/8,FOREST-18,matched,1,"{""converged"": 1}",1,1,1674.5320404160093,0,1,19475.620479752197,False
six/8,FOREST-19,all,10,"{""warm_up"": 6, ""converged"": 3, ""screening_failed"": 1}",2,3,4018.986264932032,0,3,29181.803261446697,False
six/8,FOREST-19,matched,3,"{""converged"": 3}",2,3,4018.986264932032,0,3,29181.803261446697,False
six/archived-control,pooled,all,38,"{""fit_error"": 13, ""converged"": 24, ""nonconverged"": 1}",0,24,756717.3332701025,0,19,4218359.984948646,False
six/archived-control,pooled,matched,6,"{""converged"": 4, ""fit_error"": 2}",0,4,358299.446680618,0,4,3620264.2313277842,False
six/archived-control,FOREST-16,all,8,"{""fit_error"": 3, ""converged"": 5}",0,5,855247.9146217691,0,5,8666687.726556102,False
six/archived-control,FOREST-16,matched,1,"{""converged"": 1}",0,1,391770.5316440885,0,1,2289357.113510195,False
six/archived-control,FOREST-17,all,9,"{""converged"": 4, ""fit_error"": 5}",0,4,978881.7186484662,0,3,4791405.841041661,False
six/archived-control,FOREST-17,matched,1,"{""fit_error"": 1}",0,0,,0,0,,False
six/archived-control,FOREST-18,all,11,"{""converged"": 8, ""fit_error"": 3}",0,8,596970.4669395993,0,6,3344598.71268569,False
six/archived-control,FOREST-18,matched,1,"{""fit_error"": 1}",0,0,,0,0,,False
six/archived-control,FOREST-19,all,10,"{""converged"": 7, ""nonconverged"": 1, ""fit_error"": 2}",0,7,730718.8454685183,0,5,2441442.6940135076,False
six/archived-control,FOREST-19,matched,3,"{""converged"": 3}",0,3,324828.3617171475,0,3,4951171.349145373,False
six/archived-robust,pooled,all,38,"{""converged"": 30, ""screening_failed"": 7, ""fit_error"": 1}",0,30,268306.0310022415,0,29,2459389.5211523687,False
six/archived-robust,pooled,matched,6,"{""converged"": 5, ""fit_error"": 1}",0,5,237907.945768245,0,5,2308276.727691268,False
six/archived-robust,FOREST-16,all,8,"{""converged"": 7, ""screening_failed"": 1}",0,7,307536.0766887502,0,7,2576714.473240241,False
six/archived-robust,FOREST-16,matched,1,"{""converged"": 1}",0,1,287237.8500225248,0,1,879333.1536485493,False
six/archived-robust,FOREST-17,all,9,"{""screening_failed"": 2, ""converged"": 7}",0,7,287391.7666674051,0,7,2388258.245969014,False
six/archived-robust,FOREST-17,matched,1,"{""converged"": 1}",0,1,160296.11797252012,0,1,2308276.727691268,False
six/archived-robust,FOREST-18,all,11,"{""converged"": 8, ""screening_failed"": 3}",0,8,184340.03035900107,0,8,1838676.796444781,False
six/archived-robust,FOREST-18,matched,1,"{""converged"": 1}",0,1,580430.4578840663,0,1,4310387.087379063,False
six/archived-robust,FOREST-19,all,10,"{""converged"": 8, ""fit_error"": 1, ""screening_failed"": 1}",0,8,272503.65890839975,0,7,3113239.3247546093,False
six/archived-robust,FOREST-19,matched,3,"{""fit_error"": 1, ""converged"": 2}",0,2,151658.1093432971,0,2,1734252.9688069783,False
six/condition,pooled,all,38,"{""selection_failed"": 5, ""converged"": 26, ""screening_failed"": 7}",4,26,12709.005087520309,0,26,67344.0440218536,False
six/condition,pooled,matched,6,"{""converged"": 6}",2,6,6363.449278599952,0,6,25405.401318531036,False
six/condition,FOREST-16,all,8,"{""selection_failed"": 1, ""converged"": 6, ""screening_failed"": 1}",2,6,10949.900652390177,0,6,25269.942648594875,False
six/condition,FOREST-16,matched,1,"{""converged"": 1}",1,1,3723.1114316236326,0,1,20398.901526410868,False
six/condition,FOREST-17,all,9,"{""selection_failed"": 1, ""converged"": 6, ""screening_failed"": 2}",2,6,42551.50724926178,0,6,252329.75137076434,False
six/condition,FOREST-17,matched,1,"{""converged"": 1}",1,1,3707.2789327537184,0,1,23599.172984398876,False
six/condition,FOREST-18,all,11,"{""screening_failed"": 3, ""selection_failed"": 2, ""converged"": 6}",0,6,12627.094679062235,0,6,25733.228452570387,False
six/condition,FOREST-18,matched,1,"{""converged"": 1}",0,1,12073.678235103745,0,1,14996.35464177866,False
six/condition,FOREST-19,all,10,"{""selection_failed"": 1, ""converged"": 8, ""screening_failed"": 1}",0,8,9987.85384874518,0,8,74521.40637960505,False
six/condition,FOREST-19,matched,3,"{""converged"": 3}",0,3,7073.31452578215,0,3,40031.10734756894,False
six/trace,pooled,all,38,"{""selection_failed"": 5, ""converged"": 26, ""screening_failed"": 7}",6,26,11353.8153165931,0,26,70006.40123576371,False
six/trace,pooled,matched,6,"{""converged"": 6}",3,6,5243.311524000246,0,6,28630.376663186336,False
six/trace,FOREST-16,all,8,"{""selection_failed"": 1, ""converged"": 6, ""screening_failed"": 1}",2,6,10949.900652390177,0,6,25269.942648594875,False
six/trace,FOREST-16,matched,1,"{""converged"": 1}",1,1,3723.1114316236326,0,1,20398.901526410868,False
six/trace,FOREST-17,all,9,"{""selection_failed"": 1, ""converged"": 6, ""screening_failed"": 2}",2,6,42551.50724926178,0,6,252329.75137076434,False
six/trace,FOREST-17,matched,1,"{""converged"": 1}",1,1,4833.0390165827375,0,1,67430.99427151582,False
six/trace,FOREST-18,all,11,"{""screening_failed"": 3, ""selection_failed"": 2, ""converged"": 6}",1,6,9322.016367578079,0,6,17586.249109861063,False
six/trace,FOREST-18,matched,1,"{""converged"": 1}",0,1,10283.469407793988,0,1,12755.246898195313,False
six/trace,FOREST-19,all,10,"{""selection_failed"": 1, ""converged"": 8, ""screening_failed"": 1}",1,8,9748.737875587181,0,8,74521.40637960505,False
six/trace,FOREST-19,matched,3,"{""converged"": 3}",1,3,5653.584031417754,0,3,30049.123673709477,False
